-- USERS
INSERT INTO USERS (user_id, username, password, user_image, full_name, email, country, joined_on, bio) VALUES (1, 'ayşekurt', '1234', 'https://picsum.photos/seed/1/200/200', 'Ayşe Kurt', 'ayşekurt@example.com', 'USA', '2025-08-14', 'Fashionista who loves keeping up with the latest trends.');
INSERT INTO USERS (user_id, username, password, user_image, full_name, email, country, joined_on, bio) VALUES (2, 'zeynepyılmaz', '1234', 'https://picsum.photos/seed/2/200/200', 'Zeynep Yılmaz', 'zeynepyılmaz@example.com', 'Canada', '2025-06-27', 'Bookworm who can never have enough books on their shelf.');
INSERT INTO USERS (user_id, username, password, user_image, full_name, email, country, joined_on, bio) VALUES (3, 'aliÖzkan', '1234', 'https://picsum.photos/seed/3/200/200', 'Ali Özkan', 'aliÖzkan@example.com', 'China', '2024-04-16', 'Student trying to survive finals week.');
INSERT INTO USERS (user_id, username, password, user_image, full_name, email, country, joined_on, bio) VALUES (4, 'elifdemirkalp', '1234', 'https://picsum.photos/seed/4/200/200', 'Elif Demirkalp', 'elifdemirkalp@example.com', 'China', '2026-05-02', 'Music enthusiast and concert goer. ');
INSERT INTO USERS (user_id, username, password, user_image, full_name, email, country, joined_on, bio) VALUES (5, 'alikaya', '1234', 'https://picsum.photos/seed/5/200/200', 'Ali Kaya', 'alikaya@example.com', 'Italy', '2024-06-29', 'Travel addict who can''t wait to explore new destinations.');
INSERT INTO USERS (user_id, username, password, user_image, full_name, email, country, joined_on, bio) VALUES (6, 'zeynepacar   ', '1234', 'https://picsum.photos/seed/6/200/200', 'Zeynep Acar   ', 'zeynepacar   @example.com', 'UK', '2026-01-01', 'Student trying to survive finals week.');
INSERT INTO USERS (user_id, username, password, user_image, full_name, email, country, joined_on, bio) VALUES (7, 'deniz   yalçınkaya', '1234', 'https://picsum.photos/seed/7/200/200', 'Deniz    Yalçınkaya', 'deniz   yalçınkaya@example.com', 'Australia', '2023-10-13', 'Foodie who loves trying new restaurants and recipes.');
INSERT INTO USERS (user_id, username, password, user_image, full_name, email, country, joined_on, bio) VALUES (8, 'sedaÖzdemir', '1234', 'https://picsum.photos/seed/8/200/200', 'Seda Özdemir', 'sedaÖzdemir@example.com', 'USA', '2024-02-05', 'Tech geek who is always on the lookout for the latest gadgets.');
INSERT INTO USERS (user_id, username, password, user_image, full_name, email, country, joined_on, bio) VALUES (9, 'zeynepkaya', '1234', 'https://picsum.photos/seed/9/200/200', 'Zeynep Kaya', 'zeynepkaya@example.com', 'China', '2024-12-07', 'Nature enthusiast who finds peace in the great outdoors.');
INSERT INTO USERS (user_id, username, password, user_image, full_name, email, country, joined_on, bio) VALUES (10, 'sedaarslan', '1234', 'https://picsum.photos/seed/10/200/200', 'Seda Arslan', 'sedaarslan@example.com', 'USA', '2024-03-28', 'Movie lover who can spend hours binge-watching their favorite films.');
INSERT INTO USERS (user_id, username, password, user_image, full_name, email, country, joined_on, bio) VALUES (11, 'yusufkılıç', '1234', 'https://picsum.photos/seed/11/200/200', 'Yusuf Kılıç', 'yusufkılıç@example.com', 'Germany', '2026-05-12', 'Aspiring writer who is always jotting down ideas for stories.');
INSERT INTO USERS (user_id, username, password, user_image, full_name, email, country, joined_on, bio) VALUES (12, 'elifÇetin', '1234', 'https://picsum.photos/seed/12/200/200', 'Elif Çetin', 'elifÇetin@example.com', 'Spain', '2025-06-14', 'Bookworm who can never have enough books on their shelf.');
INSERT INTO USERS (user_id, username, password, user_image, full_name, email, country, joined_on, bio) VALUES (13, 'muratÇakmak', '1234', 'https://picsum.photos/seed/13/200/200', 'Murat Çakmak', 'muratÇakmak@example.com', 'Canada', '2025-08-11', 'Movie lover who can spend hours binge-watching their favorite films.');
INSERT INTO USERS (user_id, username, password, user_image, full_name, email, country, joined_on, bio) VALUES (14, 'deniz   Çoban', '1234', 'https://picsum.photos/seed/14/200/200', 'Deniz    Çoban', 'deniz   Çoban@example.com', 'China', '2024-03-18', 'Student trying to survive finals week.');
INSERT INTO USERS (user_id, username, password, user_image, full_name, email, country, joined_on, bio) VALUES (15, 'barışyalçın', '1234', 'https://picsum.photos/seed/15/200/200', 'Barış Yalçın', 'barışyalçın@example.com', 'Canada', '2024-07-24', 'Always looking for the newest gadgets to buy.');
INSERT INTO USERS (user_id, username, password, user_image, full_name, email, country, joined_on, bio) VALUES (16, 'zeynepkılıç', '1234', 'https://picsum.photos/seed/16/200/200', 'Zeynep Kılıç', 'zeynepkılıç@example.com', 'Spain', '2024-04-15', 'Nature lover who enjoys hiking and camping.');
INSERT INTO USERS (user_id, username, password, user_image, full_name, email, country, joined_on, bio) VALUES (17, 'ecekılıçoğlu', '1234', 'https://picsum.photos/seed/17/200/200', 'Ece Kılıçoğlu', 'ecekılıçoğlu@example.com', 'China', '2023-12-09', 'Movie lover who can spend hours binge-watching their favorite films.');
INSERT INTO USERS (user_id, username, password, user_image, full_name, email, country, joined_on, bio) VALUES (18, 'gökhankılıçoğlu', '1234', 'https://picsum.photos/seed/18/200/200', 'Gökhan Kılıçoğlu', 'gökhankılıçoğlu@example.com', 'Germany', '2026-01-14', 'I love watching tech videos and writing code.');
INSERT INTO USERS (user_id, username, password, user_image, full_name, email, country, joined_on, bio) VALUES (19, 'ayşedemirkalp', '1234', 'https://picsum.photos/seed/19/200/200', 'Ayşe Demirkalp', 'ayşedemirkalp@example.com', 'Germany', '2026-02-04', 'Always looking for the newest gadgets to buy.');
INSERT INTO USERS (user_id, username, password, user_image, full_name, email, country, joined_on, bio) VALUES (20, 'ahmetyıldız', '1234', 'https://picsum.photos/seed/20/200/200', 'Ahmet Yıldız', 'ahmetyıldız@example.com', 'China', '2026-04-01', 'Music lover who attends concerts whenever possible.');
INSERT INTO USERS (user_id, username, password, user_image, full_name, email, country, joined_on, bio) VALUES (21, 'serkangül', '1234', 'https://picsum.photos/seed/21/200/200', 'Serkan Gül', 'serkangül@example.com', 'USA', '2026-01-04', 'Nature enthusiast who finds peace in the great outdoors.');
INSERT INTO USERS (user_id, username, password, user_image, full_name, email, country, joined_on, bio) VALUES (22, 'selinkara', '1234', 'https://picsum.photos/seed/22/200/200', 'Selin Kara', 'selinkara@example.com', 'Germany', '2025-10-09', 'Bookworm who can never have enough books on their shelf.');
INSERT INTO USERS (user_id, username, password, user_image, full_name, email, country, joined_on, bio) VALUES (23, 'mehmetgüzel', '1234', 'https://picsum.photos/seed/23/200/200', 'Mehmet Güzel', 'mehmetgüzel@example.com', 'Canada', '2024-06-16', 'Foodie who loves trying new restaurants and recipes.');
INSERT INTO USERS (user_id, username, password, user_image, full_name, email, country, joined_on, bio) VALUES (24, 'veliyıldız', '1234', 'https://picsum.photos/seed/24/200/200', 'Veli Yıldız', 'veliyıldız@example.com', 'Spain', '2025-03-21', 'Student trying to survive finals week.');
INSERT INTO USERS (user_id, username, password, user_image, full_name, email, country, joined_on, bio) VALUES (25, 'emrekaya', '1234', 'https://picsum.photos/seed/25/200/200', 'Emre Kaya', 'emrekaya@example.com', 'Australia', '2025-11-25', 'Aspiring writer who is always jotting down ideas for stories.');
INSERT INTO USERS (user_id, username, password, user_image, full_name, email, country, joined_on, bio) VALUES (26, 'sibelÖzkan', '1234', 'https://picsum.photos/seed/26/200/200', 'Sibel Özkan', 'sibelÖzkan@example.com', 'Australia', '2024-01-05', 'Pet lover who can''t resist adopting every cute animal they see.');
INSERT INTO USERS (user_id, username, password, user_image, full_name, email, country, joined_on, bio) VALUES (27, 'gökhankurt', '1234', 'https://picsum.photos/seed/27/200/200', 'Gökhan Kurt', 'gökhankurt@example.com', 'Japan', '2023-11-12', 'Movie buff who can quote entire films from memory.');
INSERT INTO USERS (user_id, username, password, user_image, full_name, email, country, joined_on, bio) VALUES (28, 'yusufkılıç01', '1234', 'https://picsum.photos/seed/28/200/200', 'Yusuf Kılıç', 'yusufkılıç01@example.com', 'UK', '2026-02-26', 'Nature enthusiast who finds peace in the great outdoors.');
INSERT INTO USERS (user_id, username, password, user_image, full_name, email, country, joined_on, bio) VALUES (29, 'sedaÇiçek', '1234', 'https://picsum.photos/seed/29/200/200', 'Seda Çiçek', 'sedaÇiçek@example.com', 'USA', '2024-05-07', 'Pet lover who can''t resist adopting every cute animal they see.');
INSERT INTO USERS (user_id, username, password, user_image, full_name, email, country, joined_on, bio) VALUES (30, 'eceÇiçek', '1234', 'https://picsum.photos/seed/30/200/200', 'Ece Çiçek', 'eceÇiçek@example.com', 'Italy', '2024-07-27', 'Pet lover who can''t resist adopting every cute animal they see.');
INSERT INTO USERS (user_id, username, password, user_image, full_name, email, country, joined_on, bio) VALUES (31, 'fatmakılıç', '1234', 'https://picsum.photos/seed/31/200/200', 'Fatma Kılıç', 'fatmakılıç@example.com', 'Japan', '2023-10-12', 'Food lover who enjoys cooking and trying new recipes.');
INSERT INTO USERS (user_id, username, password, user_image, full_name, email, country, joined_on, bio) VALUES (32, 'selinÖzdemir', '1234', 'https://picsum.photos/seed/32/200/200', 'Selin Özdemir', 'selinÖzdemir@example.com', 'Germany', '2025-03-03', 'Aspiring chef who can''t cook to save their life.');
INSERT INTO USERS (user_id, username, password, user_image, full_name, email, country, joined_on, bio) VALUES (33, 'sedagüzel', '1234', 'https://picsum.photos/seed/33/200/200', 'Seda Güzel', 'sedagüzel@example.com', 'Australia', '2023-09-18', 'Tech geek who is always on the lookout for the latest gadgets.');
INSERT INTO USERS (user_id, username, password, user_image, full_name, email, country, joined_on, bio) VALUES (34, 'zeynepkılıçoğlu', '1234', 'https://picsum.photos/seed/34/200/200', 'Zeynep Kılıçoğlu', 'zeynepkılıçoğlu@example.com', 'Australia', '2026-04-29', 'Nature enthusiast who finds peace in the great outdoors.');
INSERT INTO USERS (user_id, username, password, user_image, full_name, email, country, joined_on, bio) VALUES (35, 'ayşegüneş', '1234', 'https://picsum.photos/seed/35/200/200', 'Ayşe Güneş', 'ayşegüneş@example.com', 'China', '2024-03-16', 'Just a regular guy who loves traveling the world.');
INSERT INTO USERS (user_id, username, password, user_image, full_name, email, country, joined_on, bio) VALUES (36, 'sedaaydın', '1234', 'https://picsum.photos/seed/36/200/200', 'Seda Aydın', 'sedaaydın@example.com', 'Germany', '2024-08-07', 'Food lover who enjoys cooking and trying new recipes.');
INSERT INTO USERS (user_id, username, password, user_image, full_name, email, country, joined_on, bio) VALUES (37, 'mehmetacar   ', '1234', 'https://picsum.photos/seed/37/200/200', 'Mehmet Acar   ', 'mehmetacar   @example.com', 'China', '2023-11-23', 'Passionate about fitness and healthy eating!');
INSERT INTO USERS (user_id, username, password, user_image, full_name, email, country, joined_on, bio) VALUES (38, 'deryayalçınkaya', '1234', 'https://picsum.photos/seed/38/200/200', 'Derya Yalçınkaya', 'deryayalçınkaya@example.com', 'Italy', '2026-05-24', 'Nature lover who enjoys hiking and camping.');
INSERT INTO USERS (user_id, username, password, user_image, full_name, email, country, joined_on, bio) VALUES (39, 'mehmetÇetin', '1234', 'https://picsum.photos/seed/39/200/200', 'Mehmet Çetin', 'mehmetÇetin@example.com', 'UK', '2026-04-03', 'Always looking for the newest gadgets to buy.');
INSERT INTO USERS (user_id, username, password, user_image, full_name, email, country, joined_on, bio) VALUES (40, 'mehmetÇakır  ', '1234', 'https://picsum.photos/seed/40/200/200', 'Mehmet Çakır  ', 'mehmetÇakır  @example.com', 'Italy', '2023-09-20', 'Avid reader and occasional movie critic.');
INSERT INTO USERS (user_id, username, password, user_image, full_name, email, country, joined_on, bio) VALUES (41, 'serkandemir', '1234', 'https://picsum.photos/seed/41/200/200', 'Serkan Demir', 'serkandemir@example.com', 'Australia', '2024-10-13', 'Movie buff who can quote entire films from memory.');
INSERT INTO USERS (user_id, username, password, user_image, full_name, email, country, joined_on, bio) VALUES (42, 'muratarslan', '1234', 'https://picsum.photos/seed/42/200/200', 'Murat Arslan', 'muratarslan@example.com', 'Italy', '2024-03-08', 'Music lover who attends concerts whenever possible.');
INSERT INTO USERS (user_id, username, password, user_image, full_name, email, country, joined_on, bio) VALUES (43, 'fatmayıldız', '1234', 'https://picsum.photos/seed/43/200/200', 'Fatma Yıldız', 'fatmayıldız@example.com', 'Germany', '2024-11-28', 'I don''t post videos, I just watch cat compilations.');
INSERT INTO USERS (user_id, username, password, user_image, full_name, email, country, joined_on, bio) VALUES (44, 'aligüzel', '1234', 'https://picsum.photos/seed/44/200/200', 'Ali Güzel', 'aligüzel@example.com', 'Australia', '2025-08-22', 'Always looking for the newest gadgets to buy.');
INSERT INTO USERS (user_id, username, password, user_image, full_name, email, country, joined_on, bio) VALUES (45, 'mehmetdemir', '1234', 'https://picsum.photos/seed/45/200/200', 'Mehmet Demir', 'mehmetdemir@example.com', 'Germany', '2025-02-28', 'Foodie who loves trying new restaurants and recipes.');
INSERT INTO USERS (user_id, username, password, user_image, full_name, email, country, joined_on, bio) VALUES (46, 'hakanÇakmak', '1234', 'https://picsum.photos/seed/46/200/200', 'Hakan Çakmak', 'hakanÇakmak@example.com', 'USA', '2026-05-24', 'Student trying to survive finals week.');
INSERT INTO USERS (user_id, username, password, user_image, full_name, email, country, joined_on, bio) VALUES (47, 'gökhanÖztürk', '1234', 'https://picsum.photos/seed/47/200/200', 'Gökhan Öztürk', 'gökhanÖztürk@example.com', 'Spain', '2025-03-21', 'Always looking for the newest gadgets to buy.');
INSERT INTO USERS (user_id, username, password, user_image, full_name, email, country, joined_on, bio) VALUES (48, 'deniz   Şimşek', '1234', 'https://picsum.photos/seed/48/200/200', 'Deniz    Şimşek', 'deniz   Şimşek@example.com', 'Japan', '2026-01-05', 'Music enthusiast and concert goer. ');
INSERT INTO USERS (user_id, username, password, user_image, full_name, email, country, joined_on, bio) VALUES (49, 'selinÇiçek', '1234', 'https://picsum.photos/seed/49/200/200', 'Selin Çiçek', 'selinÇiçek@example.com', 'USA', '2026-03-23', 'Student trying to survive finals week.');
INSERT INTO USERS (user_id, username, password, user_image, full_name, email, country, joined_on, bio) VALUES (50, 'sibelarslan', '1234', 'https://picsum.photos/seed/50/200/200', 'Sibel Arslan', 'sibelarslan@example.com', 'France', '2024-10-12', 'Aspiring chef who can''t cook to save their life.');
INSERT INTO USERS (user_id, username, password, user_image, full_name, email, country, joined_on, bio) VALUES (51, 'sedakılıçoğlu', '1234', 'https://picsum.photos/seed/51/200/200', 'Seda Kılıçoğlu', 'sedakılıçoğlu@example.com', 'France', '2023-11-17', 'Fitness enthusiast who loves trying new workout routines.');
INSERT INTO USERS (user_id, username, password, user_image, full_name, email, country, joined_on, bio) VALUES (52, 'muratÇiçek', '1234', 'https://picsum.photos/seed/52/200/200', 'Murat Çiçek', 'muratÇiçek@example.com', 'UK', '2023-12-09', 'Movie lover who can spend hours binge-watching their favorite films.');
INSERT INTO USERS (user_id, username, password, user_image, full_name, email, country, joined_on, bio) VALUES (53, 'eceÇoban', '1234', 'https://picsum.photos/seed/53/200/200', 'Ece Çoban', 'eceÇoban@example.com', 'Canada', '2024-09-12', 'Coffee addict and part-time gamer.');
INSERT INTO USERS (user_id, username, password, user_image, full_name, email, country, joined_on, bio) VALUES (54, 'elifaydın', '1234', 'https://picsum.photos/seed/54/200/200', 'Elif Aydın', 'elifaydın@example.com', 'Germany', '2025-07-17', 'Fashionista who loves keeping up with the latest trends.');
INSERT INTO USERS (user_id, username, password, user_image, full_name, email, country, joined_on, bio) VALUES (55, 'elifÇakmak', '1234', 'https://picsum.photos/seed/55/200/200', 'Elif Çakmak', 'elifÇakmak@example.com', 'Japan', '2023-12-09', 'Fashionista who loves keeping up with the latest trends.');
INSERT INTO USERS (user_id, username, password, user_image, full_name, email, country, joined_on, bio) VALUES (56, 'oğuzacar   ', '1234', 'https://picsum.photos/seed/56/200/200', 'Oğuz Acar   ', 'oğuzacar   @example.com', 'Germany', '2023-11-24', 'Coffee addict and part-time gamer.');
INSERT INTO USERS (user_id, username, password, user_image, full_name, email, country, joined_on, bio) VALUES (57, 'sibelkılıç', '1234', 'https://picsum.photos/seed/57/200/200', 'Sibel Kılıç', 'sibelkılıç@example.com', 'France', '2026-04-26', 'Pet lover who can''t resist adopting every cute animal they see.');
INSERT INTO USERS (user_id, username, password, user_image, full_name, email, country, joined_on, bio) VALUES (58, 'erdemÖztürk', '1234', 'https://picsum.photos/seed/58/200/200', 'Erdem Öztürk', 'erdemÖztürk@example.com', 'Canada', '2023-12-11', 'Nature enthusiast who finds peace in the great outdoors.');
INSERT INTO USERS (user_id, username, password, user_image, full_name, email, country, joined_on, bio) VALUES (59, 'yusufkaraoğlu', '1234', 'https://picsum.photos/seed/59/200/200', 'Yusuf Karaoğlu', 'yusufkaraoğlu@example.com', 'UK', '2026-03-25', 'Always looking for the newest gadgets to buy.');
INSERT INTO USERS (user_id, username, password, user_image, full_name, email, country, joined_on, bio) VALUES (60, 'aliyılmaz', '1234', 'https://picsum.photos/seed/60/200/200', 'Ali Yılmaz', 'aliyılmaz@example.com', 'Spain', '2026-05-01', 'Passionate about fitness and healthy eating!');
INSERT INTO USERS (user_id, username, password, user_image, full_name, email, country, joined_on, bio) VALUES (61, 'aslıÇakır  ', '1234', 'https://picsum.photos/seed/61/200/200', 'Aslı Çakır  ', 'aslıÇakır  @example.com', 'Canada', '2026-02-20', 'Movie lover who can spend hours binge-watching their favorite films.');
INSERT INTO USERS (user_id, username, password, user_image, full_name, email, country, joined_on, bio) VALUES (62, 'deryaÇetin', '1234', 'https://picsum.photos/seed/62/200/200', 'Derya Çetin', 'deryaÇetin@example.com', 'UK', '2023-12-22', 'Music fanatic who has an extensive vinyl collection.');
INSERT INTO USERS (user_id, username, password, user_image, full_name, email, country, joined_on, bio) VALUES (63, 'mehmetkaraoğlu', '1234', 'https://picsum.photos/seed/63/200/200', 'Mehmet Karaoğlu', 'mehmetkaraoğlu@example.com', 'China', '2024-08-10', 'Tech geek who is always on the lookout for the latest gadgets.');
INSERT INTO USERS (user_id, username, password, user_image, full_name, email, country, joined_on, bio) VALUES (64, 'hüseyinÇetin', '1234', 'https://picsum.photos/seed/64/200/200', 'Hüseyin Çetin', 'hüseyinÇetin@example.com', 'China', '2024-06-15', 'I don''t post videos, I just watch cat compilations.');
INSERT INTO USERS (user_id, username, password, user_image, full_name, email, country, joined_on, bio) VALUES (65, 'serkanyılmaz', '1234', 'https://picsum.photos/seed/65/200/200', 'Serkan Yılmaz', 'serkanyılmaz@example.com', 'UK', '2025-09-26', 'I don''t post videos, I just watch cat compilations.');
INSERT INTO USERS (user_id, username, password, user_image, full_name, email, country, joined_on, bio) VALUES (66, 'elifkaraoğlu', '1234', 'https://picsum.photos/seed/66/200/200', 'Elif Karaoğlu', 'elifkaraoğlu@example.com', 'Italy', '2025-01-16', 'Gamer who spends more time playing than sleeping.');
INSERT INTO USERS (user_id, username, password, user_image, full_name, email, country, joined_on, bio) VALUES (67, 'ecekorkmaz', '1234', 'https://picsum.photos/seed/67/200/200', 'Ece Korkmaz', 'ecekorkmaz@example.com', 'China', '2023-11-07', 'Aspiring chef who can''t cook to save their life.');
INSERT INTO USERS (user_id, username, password, user_image, full_name, email, country, joined_on, bio) VALUES (68, 'ahmetŞimşek', '1234', 'https://picsum.photos/seed/68/200/200', 'Ahmet Şimşek', 'ahmetŞimşek@example.com', 'UK', '2024-01-15', 'Fitness junkie who spends more time at the gym than with friends.');
INSERT INTO USERS (user_id, username, password, user_image, full_name, email, country, joined_on, bio) VALUES (69, 'mustafaÖzkan', '1234', 'https://picsum.photos/seed/69/200/200', 'Mustafa Özkan', 'mustafaÖzkan@example.com', 'Germany', '2025-04-14', 'Foodie who loves trying new restaurants and recipes.');
INSERT INTO USERS (user_id, username, password, user_image, full_name, email, country, joined_on, bio) VALUES (70, 'muratgül', '1234', 'https://picsum.photos/seed/70/200/200', 'Murat Gül', 'muratgül@example.com', 'China', '2026-03-30', 'Music fanatic who has an extensive vinyl collection.');
INSERT INTO USERS (user_id, username, password, user_image, full_name, email, country, joined_on, bio) VALUES (71, 'sedagül', '1234', 'https://picsum.photos/seed/71/200/200', 'Seda Gül', 'sedagül@example.com', 'UK', '2024-03-04', 'Music lover who attends concerts whenever possible.');
INSERT INTO USERS (user_id, username, password, user_image, full_name, email, country, joined_on, bio) VALUES (72, 'mehmetkaya', '1234', 'https://picsum.photos/seed/72/200/200', 'Mehmet Kaya', 'mehmetkaya@example.com', 'Canada', '2023-12-19', 'I love watching tech videos and writing code.');
INSERT INTO USERS (user_id, username, password, user_image, full_name, email, country, joined_on, bio) VALUES (73, 'ahmetŞimşek01', '1234', 'https://picsum.photos/seed/73/200/200', 'Ahmet Şimşek', 'ahmetŞimşek01@example.com', 'Italy', '2025-10-19', 'Just a regular guy who loves traveling the world.');
INSERT INTO USERS (user_id, username, password, user_image, full_name, email, country, joined_on, bio) VALUES (74, 'sibelarslan01', '1234', 'https://picsum.photos/seed/74/200/200', 'Sibel Arslan', 'sibelarslan01@example.com', 'Italy', '2024-09-09', 'Coffee addict and part-time gamer.');
INSERT INTO USERS (user_id, username, password, user_image, full_name, email, country, joined_on, bio) VALUES (75, 'barışyılmaz', '1234', 'https://picsum.photos/seed/75/200/200', 'Barış Yılmaz', 'barışyılmaz@example.com', 'Canada', '2024-02-27', 'Bookworm who can never have enough books on their shelf.');
INSERT INTO USERS (user_id, username, password, user_image, full_name, email, country, joined_on, bio) VALUES (76, 'aliÇiçek', '1234', 'https://picsum.photos/seed/76/200/200', 'Ali Çiçek', 'aliÇiçek@example.com', 'Italy', '2023-09-08', 'Music enthusiast and concert goer. ');
INSERT INTO USERS (user_id, username, password, user_image, full_name, email, country, joined_on, bio) VALUES (77, 'zeyneparslan', '1234', 'https://picsum.photos/seed/77/200/200', 'Zeynep Arslan', 'zeyneparslan@example.com', 'Germany', '2026-03-19', 'Aspiring chef who can''t cook to save their life.');
INSERT INTO USERS (user_id, username, password, user_image, full_name, email, country, joined_on, bio) VALUES (78, 'hüseyinarslan', '1234', 'https://picsum.photos/seed/78/200/200', 'Hüseyin Arslan', 'hüseyinarslan@example.com', 'Australia', '2025-09-29', 'Avid reader and occasional movie critic.');
INSERT INTO USERS (user_id, username, password, user_image, full_name, email, country, joined_on, bio) VALUES (79, 'sibelÇelikçi', '1234', 'https://picsum.photos/seed/79/200/200', 'Sibel Çelikçi', 'sibelÇelikçi@example.com', 'Germany', '2025-01-18', 'Movie lover who can spend hours binge-watching their favorite films.');
INSERT INTO USERS (user_id, username, password, user_image, full_name, email, country, joined_on, bio) VALUES (80, 'hüseyinÖzdemir', '1234', 'https://picsum.photos/seed/80/200/200', 'Hüseyin Özdemir', 'hüseyinÖzdemir@example.com', 'Australia', '2026-04-06', 'Nature lover who enjoys hiking and camping.');
INSERT INTO USERS (user_id, username, password, user_image, full_name, email, country, joined_on, bio) VALUES (81, 'eceyalçın', '1234', 'https://picsum.photos/seed/81/200/200', 'Ece Yalçın', 'eceyalçın@example.com', 'Spain', '2024-07-20', 'Passionate about fitness and healthy eating!');
INSERT INTO USERS (user_id, username, password, user_image, full_name, email, country, joined_on, bio) VALUES (82, 'deniz   gül', '1234', 'https://picsum.photos/seed/82/200/200', 'Deniz    Gül', 'deniz   gül@example.com', 'Spain', '2024-02-19', 'Bookworm who can never have enough books on their shelf.');
INSERT INTO USERS (user_id, username, password, user_image, full_name, email, country, joined_on, bio) VALUES (83, 'sedagül01', '1234', 'https://picsum.photos/seed/83/200/200', 'Seda Gül', 'sedagül01@example.com', 'Spain', '2024-04-07', 'Music enthusiast and concert goer. ');
INSERT INTO USERS (user_id, username, password, user_image, full_name, email, country, joined_on, bio) VALUES (84, 'oğuzÖzkan', '1234', 'https://picsum.photos/seed/84/200/200', 'Oğuz Özkan', 'oğuzÖzkan@example.com', 'Spain', '2026-01-31', 'Food lover who enjoys cooking and trying new recipes.');
INSERT INTO USERS (user_id, username, password, user_image, full_name, email, country, joined_on, bio) VALUES (85, 'hakankaya', '1234', 'https://picsum.photos/seed/85/200/200', 'Hakan Kaya', 'hakankaya@example.com', 'Canada', '2024-11-19', 'Passionate about fitness and healthy eating!');
INSERT INTO USERS (user_id, username, password, user_image, full_name, email, country, joined_on, bio) VALUES (86, 'selinÇetin', '1234', 'https://picsum.photos/seed/86/200/200', 'Selin Çetin', 'selinÇetin@example.com', 'UK', '2024-06-04', 'Coffee addict and part-time gamer.');
INSERT INTO USERS (user_id, username, password, user_image, full_name, email, country, joined_on, bio) VALUES (87, 'deniz   Şimşek01', '1234', 'https://picsum.photos/seed/87/200/200', 'Deniz    Şimşek', 'deniz   Şimşek01@example.com', 'France', '2024-11-02', 'Music enthusiast and concert goer. ');
INSERT INTO USERS (user_id, username, password, user_image, full_name, email, country, joined_on, bio) VALUES (88, 'mustafaacar   ', '1234', 'https://picsum.photos/seed/88/200/200', 'Mustafa Acar   ', 'mustafaacar   @example.com', 'Japan', '2024-05-27', 'Passionate about fitness and healthy eating!');
INSERT INTO USERS (user_id, username, password, user_image, full_name, email, country, joined_on, bio) VALUES (89, 'büşrakaya', '1234', 'https://picsum.photos/seed/89/200/200', 'Büşra Kaya', 'büşrakaya@example.com', 'Germany', '2025-05-20', 'Tech geek who is always on the lookout for the latest gadgets.');
INSERT INTO USERS (user_id, username, password, user_image, full_name, email, country, joined_on, bio) VALUES (90, 'zeynepkaya01', '1234', 'https://picsum.photos/seed/90/200/200', 'Zeynep Kaya', 'zeynepkaya01@example.com', 'Germany', '2026-02-03', 'Always looking for the newest gadgets to buy.');
INSERT INTO USERS (user_id, username, password, user_image, full_name, email, country, joined_on, bio) VALUES (91, 'barışdemirkalp', '1234', 'https://picsum.photos/seed/91/200/200', 'Barış Demirkalp', 'barışdemirkalp@example.com', 'Australia', '2024-09-07', 'Coffee addict and part-time gamer.');
INSERT INTO USERS (user_id, username, password, user_image, full_name, email, country, joined_on, bio) VALUES (92, 'sibelÖzkan01', '1234', 'https://picsum.photos/seed/92/200/200', 'Sibel Özkan', 'sibelÖzkan01@example.com', 'Australia', '2024-11-29', 'Always looking for the newest gadgets to buy.');
INSERT INTO USERS (user_id, username, password, user_image, full_name, email, country, joined_on, bio) VALUES (93, 'gökhankorkmaz', '1234', 'https://picsum.photos/seed/93/200/200', 'Gökhan Korkmaz', 'gökhankorkmaz@example.com', 'Italy', '2026-05-10', 'Bookworm who can never have enough books on their shelf.');
INSERT INTO USERS (user_id, username, password, user_image, full_name, email, country, joined_on, bio) VALUES (94, 'sibelyıldız', '1234', 'https://picsum.photos/seed/94/200/200', 'Sibel Yıldız', 'sibelyıldız@example.com', 'Spain', '2024-05-05', 'Nature lover who enjoys hiking and camping.');
INSERT INTO USERS (user_id, username, password, user_image, full_name, email, country, joined_on, bio) VALUES (95, 'hakanyılmaz', '1234', 'https://picsum.photos/seed/95/200/200', 'Hakan Yılmaz', 'hakanyılmaz@example.com', 'Canada', '2023-12-19', 'Aspiring chef who can''t cook to save their life.');
INSERT INTO USERS (user_id, username, password, user_image, full_name, email, country, joined_on, bio) VALUES (96, 'ahmetgüzel', '1234', 'https://picsum.photos/seed/96/200/200', 'Ahmet Güzel', 'ahmetgüzel@example.com', 'USA', '2023-09-25', 'Music lover who attends concerts whenever possible.');
INSERT INTO USERS (user_id, username, password, user_image, full_name, email, country, joined_on, bio) VALUES (97, 'yusufÇetin', '1234', 'https://picsum.photos/seed/97/200/200', 'Yusuf Çetin', 'yusufÇetin@example.com', 'Spain', '2025-03-03', 'I don''t post videos, I just watch cat compilations.');
INSERT INTO USERS (user_id, username, password, user_image, full_name, email, country, joined_on, bio) VALUES (98, 'muratyalçınkaya', '1234', 'https://picsum.photos/seed/98/200/200', 'Murat Yalçınkaya', 'muratyalçınkaya@example.com', 'China', '2023-11-11', 'Foodie who loves trying new restaurants and recipes.');
INSERT INTO USERS (user_id, username, password, user_image, full_name, email, country, joined_on, bio) VALUES (99, 'mehmetÖzdemir', '1234', 'https://picsum.photos/seed/99/200/200', 'Mehmet Özdemir', 'mehmetÖzdemir@example.com', 'Japan', '2025-12-13', 'I don''t post videos, I just watch cat compilations.');
INSERT INTO USERS (user_id, username, password, user_image, full_name, email, country, joined_on, bio) VALUES (100, 'candemir', '1234', 'https://picsum.photos/seed/100/200/200', 'Can Demir', 'candemir@example.com', 'Japan', '2025-10-14', 'Always looking for the newest gadgets to buy.');

-- CHANNELS
INSERT INTO CHANNELS (channel_id, owner_id, channel_image, name, description, created_on, category) VALUES (1, 1, 'https://picsum.photos/seed/channel_1/800/200', 'History Uncovered 1', 'Car reviews, test drives, and automotive news for car enthusiasts.', '2025-02-05', 'Comedy');
INSERT INTO CHANNELS (channel_id, owner_id, channel_image, name, description, created_on, category) VALUES (2, 2, 'https://picsum.photos/seed/channel_2/800/200', 'Tech Boy 2', 'Beautiful relaxing music and nature sounds for studying.', '2025-09-05', 'Finance');
INSERT INTO CHANNELS (channel_id, owner_id, channel_image, name, description, created_on, category) VALUES (3, 3, 'https://picsum.photos/seed/channel_3/800/200', 'History Uncovered 3', 'Fitness challenges, workout routines, and healthy lifestyle tips.', '2025-11-30', 'News');
INSERT INTO CHANNELS (channel_id, owner_id, channel_image, name, description, created_on, category) VALUES (4, 4, 'https://picsum.photos/seed/channel_4/800/200', 'Health & Wellness 4', 'The best place for daily gaming content and live streams.', '2025-05-08', 'DIY');
INSERT INTO CHANNELS (channel_id, owner_id, channel_image, name, description, created_on, category) VALUES (5, 5, 'https://picsum.photos/seed/channel_5/800/200', 'Let''s Play Games 5', 'DIY home improvement projects, creative ideas, and step-by-step tutorials for homeowners.', '2025-10-19', 'Finance');
INSERT INTO CHANNELS (channel_id, owner_id, channel_image, name, description, created_on, category) VALUES (6, 6, 'https://picsum.photos/seed/channel_6/800/200', 'Daily Vlogs 6', 'Music covers, original songs, and behind-the-scenes studio sessions.', '2025-11-20', 'Education');
INSERT INTO CHANNELS (channel_id, owner_id, channel_image, name, description, created_on, category) VALUES (7, 7, 'https://picsum.photos/seed/channel_7/800/200', 'Music & Chill 7', 'Educational videos on science, math, and technology for students and enthusiasts.', '2025-08-24', 'Automotive');
INSERT INTO CHANNELS (channel_id, owner_id, channel_image, name, description, created_on, category) VALUES (8, 8, 'https://picsum.photos/seed/channel_8/800/200', 'DIY Crafts 8', 'Travel vlogs exploring different cultures, cuisines, and destinations.', '2025-04-13', 'Comedy');
INSERT INTO CHANNELS (channel_id, owner_id, channel_image, name, description, created_on, category) VALUES (9, 9, 'https://picsum.photos/seed/channel_9/800/200', 'Car Fanatics 9', 'Travel vlogs showcasing hidden gems around the world.', '2025-09-23', 'News');
INSERT INTO CHANNELS (channel_id, owner_id, channel_image, name, description, created_on, category) VALUES (10, 10, 'https://picsum.photos/seed/channel_10/800/200', 'Travel World 10', 'Fitness tips, workout routines, and healthy living motivation.', '2025-02-04', 'News');
INSERT INTO CHANNELS (channel_id, owner_id, channel_image, name, description, created_on, category) VALUES (11, 11, 'https://picsum.photos/seed/channel_11/800/200', 'Finance Wizard 11', 'Tech reviews, unboxings, and tutorials every single week.', '2025-11-06', 'Finance');
INSERT INTO CHANNELS (channel_id, owner_id, channel_image, name, description, created_on, category) VALUES (12, 12, 'https://picsum.photos/seed/channel_12/800/200', 'The Study Space 12', 'Fashion hauls, styling tips, and beauty tutorials for fashion enthusiasts.', '2026-04-29', 'Health');
INSERT INTO CHANNELS (channel_id, owner_id, channel_image, name, description, created_on, category) VALUES (13, 13, 'https://picsum.photos/seed/channel_13/800/200', 'Beauty Secrets 13', 'Cooking simple and delicious meals for busy people.', '2025-03-05', 'DIY');
INSERT INTO CHANNELS (channel_id, owner_id, channel_image, name, description, created_on, category) VALUES (14, 14, 'https://picsum.photos/seed/channel_14/800/200', 'Car Fanatics 14', 'Educational content on history, science, and culture for curious minds.', '2025-04-09', 'Science');
INSERT INTO CHANNELS (channel_id, owner_id, channel_image, name, description, created_on, category) VALUES (15, 15, 'https://picsum.photos/seed/channel_15/800/200', 'Code Master 15', 'Learn how to code with easy-to-follow tutorials.', '2025-05-11', 'Comedy');
INSERT INTO CHANNELS (channel_id, owner_id, channel_image, name, description, created_on, category) VALUES (16, 16, 'https://picsum.photos/seed/channel_16/800/200', 'Beauty Secrets 16', 'Educational videos on science, math, and technology for students and enthusiasts.', '2025-12-07', 'Lifestyle');
INSERT INTO CHANNELS (channel_id, owner_id, channel_image, name, description, created_on, category) VALUES (17, 17, 'https://picsum.photos/seed/channel_17/800/200', 'Tech Boy 17', 'Car reviews, test drives, and automotive news.', '2025-06-20', 'Health');
INSERT INTO CHANNELS (channel_id, owner_id, channel_image, name, description, created_on, category) VALUES (18, 18, 'https://picsum.photos/seed/channel_18/800/200', 'Top 10 Facts 18', 'Lifestyle vlogs, daily routines, and personal growth tips for a balanced life.', '2026-04-02', 'Science');
INSERT INTO CHANNELS (channel_id, owner_id, channel_image, name, description, created_on, category) VALUES (19, 19, 'https://picsum.photos/seed/channel_19/800/200', 'Health & Wellness 19', 'Educational content on history, science, and culture for curious minds.', '2025-01-29', 'Music');
INSERT INTO CHANNELS (channel_id, owner_id, channel_image, name, description, created_on, category) VALUES (20, 20, 'https://picsum.photos/seed/channel_20/800/200', 'Let''s Play Games 20', 'Fitness tips, workout routines, and healthy living motivation.', '2025-12-31', 'History');
INSERT INTO CHANNELS (channel_id, owner_id, channel_image, name, description, created_on, category) VALUES (21, 21, 'https://picsum.photos/seed/channel_21/800/200', 'The Fitness Hub 21', 'Comedy sketches and funny moments to brighten your day.', '2026-05-03', 'Music');
INSERT INTO CHANNELS (channel_id, owner_id, channel_image, name, description, created_on, category) VALUES (22, 22, 'https://picsum.photos/seed/channel_22/800/200', 'Car Fanatics 22', 'Fashion hauls, styling tips, and beauty tutorials for fashion enthusiasts.', '2025-11-05', 'Travel');
INSERT INTO CHANNELS (channel_id, owner_id, channel_image, name, description, created_on, category) VALUES (23, 23, 'https://picsum.photos/seed/channel_23/800/200', 'DIY Crafts 23', 'Art tutorials, speed paintings, and creative process videos.', '2025-05-19', 'Technology');
INSERT INTO CHANNELS (channel_id, owner_id, channel_image, name, description, created_on, category) VALUES (24, 24, 'https://picsum.photos/seed/channel_24/800/200', 'DIY Crafts 24', 'Unboxing the latest gadgets and tech products with honest reviews.', '2025-03-03', 'Music');
INSERT INTO CHANNELS (channel_id, owner_id, channel_image, name, description, created_on, category) VALUES (25, 25, 'https://picsum.photos/seed/channel_25/800/200', 'Top 10 Facts 25', 'Fitness challenges, workout routines, and healthy lifestyle tips.', '2025-06-01', 'Food');
INSERT INTO CHANNELS (channel_id, owner_id, channel_image, name, description, created_on, category) VALUES (26, 26, 'https://picsum.photos/seed/channel_26/800/200', 'History Uncovered 26', 'In-depth financial advice and stock market analysis.', '2025-04-23', 'Education');
INSERT INTO CHANNELS (channel_id, owner_id, channel_image, name, description, created_on, category) VALUES (27, 27, 'https://picsum.photos/seed/channel_27/800/200', 'DIY Crafts 27', 'Welcome to my vlog where I share my travel adventures!', '2025-10-04', 'Travel');
INSERT INTO CHANNELS (channel_id, owner_id, channel_image, name, description, created_on, category) VALUES (28, 28, 'https://picsum.photos/seed/channel_28/800/200', 'Bookworm Life 28', 'Learn how to code with easy-to-follow tutorials.', '2026-04-21', 'Science');
INSERT INTO CHANNELS (channel_id, owner_id, channel_image, name, description, created_on, category) VALUES (29, 29, 'https://picsum.photos/seed/channel_29/800/200', 'Top 10 Facts 29', 'Fashion hauls, styling tips, and beauty tutorials for fashion enthusiasts.', '2025-08-15', 'News');
INSERT INTO CHANNELS (channel_id, owner_id, channel_image, name, description, created_on, category) VALUES (30, 30, 'https://picsum.photos/seed/channel_30/800/200', 'Tech Boy 30', 'Educational content on history, science, and culture for curious minds.', '2025-09-01', 'Travel');
INSERT INTO CHANNELS (channel_id, owner_id, channel_image, name, description, created_on, category) VALUES (31, 31, 'https://picsum.photos/seed/channel_31/800/200', 'Music & Chill 31', 'Educational videos on science, math, and technology for students and enthusiasts.', '2025-09-05', 'History');
INSERT INTO CHANNELS (channel_id, owner_id, channel_image, name, description, created_on, category) VALUES (32, 32, 'https://picsum.photos/seed/channel_32/800/200', 'Health & Wellness 32', 'Art tutorials, speed paintings, and creative process videos.', '2025-09-18', 'Gaming');
INSERT INTO CHANNELS (channel_id, owner_id, channel_image, name, description, created_on, category) VALUES (33, 33, 'https://picsum.photos/seed/channel_33/800/200', 'The Study Space 33', 'DIY home improvement projects and creative ideas.', '2025-05-20', 'Automotive');
INSERT INTO CHANNELS (channel_id, owner_id, channel_image, name, description, created_on, category) VALUES (34, 34, 'https://picsum.photos/seed/channel_34/800/200', 'Health & Wellness 34', 'Gaming walkthroughs, tips, and live streams for all your favorite games.', '2025-08-14', 'Music');
INSERT INTO CHANNELS (channel_id, owner_id, channel_image, name, description, created_on, category) VALUES (35, 35, 'https://picsum.photos/seed/channel_35/800/200', 'Let''s Play Games 35', 'Motivational speeches and self-improvement tips for a better life.', '2025-01-21', 'Science');
INSERT INTO CHANNELS (channel_id, owner_id, channel_image, name, description, created_on, category) VALUES (36, 36, 'https://picsum.photos/seed/channel_36/800/200', 'Beauty Secrets 36', 'Educational content on history, science, and culture for curious minds.', '2026-01-04', 'News');
INSERT INTO CHANNELS (channel_id, owner_id, channel_image, name, description, created_on, category) VALUES (37, 37, 'https://picsum.photos/seed/channel_37/800/200', 'The Fitness Hub 37', 'Fitness tips, workout routines, and healthy living motivation.', '2026-02-12', 'Finance');
INSERT INTO CHANNELS (channel_id, owner_id, channel_image, name, description, created_on, category) VALUES (38, 38, 'https://picsum.photos/seed/channel_38/800/200', 'English Lessons 38', 'Comedy sketches and funny moments to brighten your day.', '2025-01-22', 'Motivation');
INSERT INTO CHANNELS (channel_id, owner_id, channel_image, name, description, created_on, category) VALUES (39, 39, 'https://picsum.photos/seed/channel_39/800/200', 'Bookworm Life 39', 'Unboxing the latest gadgets and tech products with honest reviews.', '2025-08-22', 'Comedy');
INSERT INTO CHANNELS (channel_id, owner_id, channel_image, name, description, created_on, category) VALUES (40, 40, 'https://picsum.photos/seed/channel_40/800/200', 'Nature''s Wonders 40', 'Motivational speeches and self-improvement tips for a better life.', '2025-12-01', 'Science');
INSERT INTO CHANNELS (channel_id, owner_id, channel_image, name, description, created_on, category) VALUES (41, 41, 'https://picsum.photos/seed/channel_41/800/200', 'Let''s Play Games 41', 'Car reviews, test drives, and automotive news for car enthusiasts.', '2025-09-20', 'Technology');
INSERT INTO CHANNELS (channel_id, owner_id, channel_image, name, description, created_on, category) VALUES (42, 42, 'https://picsum.photos/seed/channel_42/800/200', 'Tech Boy 42', 'Gaming walkthroughs, tips, and live streams for all your favorite games.', '2026-02-20', 'Fashion');
INSERT INTO CHANNELS (channel_id, owner_id, channel_image, name, description, created_on, category) VALUES (43, 43, 'https://picsum.photos/seed/channel_43/800/200', 'Code Master 43', 'Cooking simple and delicious meals for busy people.', '2026-03-14', 'Motivation');
INSERT INTO CHANNELS (channel_id, owner_id, channel_image, name, description, created_on, category) VALUES (44, 44, 'https://picsum.photos/seed/channel_44/800/200', 'Music & Chill 44', 'Welcome to my vlog where I share my travel adventures!', '2025-06-24', 'Entertainment');
INSERT INTO CHANNELS (channel_id, owner_id, channel_image, name, description, created_on, category) VALUES (45, 45, 'https://picsum.photos/seed/channel_45/800/200', 'Movie Reviews Daily 45', 'Tech reviews, unboxings, and tutorials every single week.', '2025-10-19', 'Health');
INSERT INTO CHANNELS (channel_id, owner_id, channel_image, name, description, created_on, category) VALUES (46, 46, 'https://picsum.photos/seed/channel_46/800/200', 'Tech Boy 46', 'Travel vlogs exploring different cultures, cuisines, and destinations.', '2026-05-24', 'Entertainment');
INSERT INTO CHANNELS (channel_id, owner_id, channel_image, name, description, created_on, category) VALUES (47, 47, 'https://picsum.photos/seed/channel_47/800/200', 'Top 10 Facts 47', 'Unboxing the latest gadgets and tech products with honest reviews.', '2025-05-27', 'News');
INSERT INTO CHANNELS (channel_id, owner_id, channel_image, name, description, created_on, category) VALUES (48, 48, 'https://picsum.photos/seed/channel_48/800/200', 'Sports Highlights 48', 'Beautiful relaxing music and nature sounds for studying.', '2025-03-06', 'Lifestyle');
INSERT INTO CHANNELS (channel_id, owner_id, channel_image, name, description, created_on, category) VALUES (49, 49, 'https://picsum.photos/seed/channel_49/800/200', 'Foodie Adventures 49', 'Car reviews, test drives, and automotive news.', '2025-04-01', 'Food');
INSERT INTO CHANNELS (channel_id, owner_id, channel_image, name, description, created_on, category) VALUES (50, 50, 'https://picsum.photos/seed/channel_50/800/200', 'Car Fanatics 50', 'Car reviews, test drives, and automotive news for car enthusiasts.', '2025-08-17', 'Fashion');

-- VIDEOS
INSERT INTO VIDEOS (video_id, channel_id, title, description, url, duration_seconds, uploaded_at, view_count, like_count) VALUES (1, 30, 'My First Travel Vlog 1', 'Documenting my amazing trip and sharing all the fun moments.', 'https://www.youtube.com/watch?v=OPf0YbXqDm0', 2504, '2024-08-11 22:29:41', 9, 9);
INSERT INTO VIDEOS (video_id, channel_id, title, description, url, duration_seconds, uploaded_at, view_count, like_count) VALUES (2, 19, 'Tasting Weird Foods 2', 'Trying bizarre snacks and ranking them from best to worst.', 'https://www.youtube.com/watch?v=K4TOrB7at0Y', 1847, '2025-03-30 10:55:15', 1460, 1111);
INSERT INTO VIDEOS (video_id, channel_id, title, description, url, duration_seconds, uploaded_at, view_count, like_count) VALUES (3, 6, 'Exploring the Mountains 3', 'Come with me as we hike up to the highest peak in the area.', 'https://www.youtube.com/watch?v=NoaeqTWGi5A', 1640, '2025-10-16 02:07:08', 330, 323);
INSERT INTO VIDEOS (video_id, channel_id, title, description, url, duration_seconds, uploaded_at, view_count, like_count) VALUES (4, 37, 'Reviewing Cheap Gadgets 4', 'Testing out budget items to see if they actually work.', 'https://www.youtube.com/watch?v=3JZ_D3ELwOQ', 3297, '2025-06-28 04:37:10', 517, 361);
INSERT INTO VIDEOS (video_id, channel_id, title, description, url, duration_seconds, uploaded_at, view_count, like_count) VALUES (5, 42, 'Easy DIY Projects 5', 'Simple and cheap DIY projects you can do over the weekend.', 'https://www.youtube.com/watch?v=YQHsXMglC9A', 397, '2024-06-01 04:23:33', 844, 9);
INSERT INTO VIDEOS (video_id, channel_id, title, description, url, duration_seconds, uploaded_at, view_count, like_count) VALUES (6, 3, 'Surviving 100 Days in Minecraft 6', 'Watch me survive 100 days in hardcore Minecraft mode.', 'https://www.youtube.com/watch?v=RgKAFK5djSk', 1483, '2025-01-12 07:10:50', 1314, 1058);
INSERT INTO VIDEOS (video_id, channel_id, title, description, url, duration_seconds, uploaded_at, view_count, like_count) VALUES (7, 9, 'Best Movie Scenes 7', 'Breaking down the greatest cinematic moments in film.', 'https://www.youtube.com/watch?v=L_jWHffIx5E', 2006, '2024-07-21 10:51:10', 993, 617);
INSERT INTO VIDEOS (video_id, channel_id, title, description, url, duration_seconds, uploaded_at, view_count, like_count) VALUES (8, 34, 'Skincare Routine 8', 'My step-by-step routine for clear and healthy skin.', 'https://www.youtube.com/watch?v=YQHsXMglC9A', 720, '2024-11-14 09:25:47', 919, 758);
INSERT INTO VIDEOS (video_id, channel_id, title, description, url, duration_seconds, uploaded_at, view_count, like_count) VALUES (9, 5, 'Epic Fails 2026 9', 'A compilation of hilarious fails caught on camera.', 'https://www.youtube.com/watch?v=jNQXAC9IVRw', 3436, '2026-04-07 09:27:18', 324, 319);
INSERT INTO VIDEOS (video_id, channel_id, title, description, url, duration_seconds, uploaded_at, view_count, like_count) VALUES (10, 2, 'Epic Hide and Seek 10', 'The biggest game of hide and seek ever recorded!', 'https://www.youtube.com/watch?v=RgKAFK5djSk', 2966, '2026-03-04 00:12:56', 665, 294);
INSERT INTO VIDEOS (video_id, channel_id, title, description, url, duration_seconds, uploaded_at, view_count, like_count) VALUES (11, 27, 'Let''s Play Skyrim Episode 1 11', 'Starting a brand new adventure in Skyrim. Wish me luck.', 'https://www.youtube.com/watch?v=6MFBIjXO680', 514, '2025-11-04 17:54:12', 62, 12);
INSERT INTO VIDEOS (video_id, channel_id, title, description, url, duration_seconds, uploaded_at, view_count, like_count) VALUES (12, 26, 'Morning Stretch Routine 12', 'Start your morning right with these wake-up stretches.', 'https://www.youtube.com/watch?v=fFYeBdJnAok', 1311, '2025-07-15 19:28:49', 1043, 264);
INSERT INTO VIDEOS (video_id, channel_id, title, description, url, duration_seconds, uploaded_at, view_count, like_count) VALUES (13, 49, 'Reviewing Cheap Gadgets 13', 'Testing out budget items to see if they actually work.', 'https://www.youtube.com/watch?v=YQHsXMglC9A', 1895, '2026-01-27 03:44:19', 31, 4);
INSERT INTO VIDEOS (video_id, channel_id, title, description, url, duration_seconds, uploaded_at, view_count, like_count) VALUES (14, 22, 'How to Edit Videos 14', 'My complete workflow for editing videos fast and professionally.', 'https://www.youtube.com/watch?v=hY7m5jjJ9mM', 2002, '2024-06-24 00:16:28', 1168, 656);
INSERT INTO VIDEOS (video_id, channel_id, title, description, url, duration_seconds, uploaded_at, view_count, like_count) VALUES (15, 8, 'Morning Stretch Routine 15', 'Start your morning right with these wake-up stretches.', 'https://www.youtube.com/watch?v=fJ9rUzIMcZQ', 2585, '2024-07-23 18:12:19', 573, 505);
INSERT INTO VIDEOS (video_id, channel_id, title, description, url, duration_seconds, uploaded_at, view_count, like_count) VALUES (16, 45, 'The Ultimate PC Build 16', 'Building a top-tier gaming PC with the best parts money can buy.', 'https://www.youtube.com/watch?v=RgKAFK5djSk', 87, '2024-03-15 13:58:17', 5, 0);
INSERT INTO VIDEOS (video_id, channel_id, title, description, url, duration_seconds, uploaded_at, view_count, like_count) VALUES (17, 39, 'Reviewing Cheap Gadgets 17', 'Testing out budget items to see if they actually work.', 'https://www.youtube.com/watch?v=hY7m5jjJ9mM', 1046, '2025-12-23 20:36:14', 143, 137);
INSERT INTO VIDEOS (video_id, channel_id, title, description, url, duration_seconds, uploaded_at, view_count, like_count) VALUES (18, 22, 'Top 5 Gaming Moments 18', 'Check out these insane gaming clips submitted by subscribers.', 'https://www.youtube.com/watch?v=NoaeqTWGi5A', 1919, '2025-11-23 21:59:10', 797, 19);
INSERT INTO VIDEOS (video_id, channel_id, title, description, url, duration_seconds, uploaded_at, view_count, like_count) VALUES (19, 33, 'Baking a Chocolate Cake 19', 'Baking my favorite chocolate cake recipe from scratch.', 'https://www.youtube.com/watch?v=TQd2k1pEXp4', 3408, '2025-11-04 19:17:53', 428, 387);
INSERT INTO VIDEOS (video_id, channel_id, title, description, url, duration_seconds, uploaded_at, view_count, like_count) VALUES (20, 10, 'SQL Joins Explained 20', 'Learn how to use inner, left, and right joins in SQL.', 'https://www.youtube.com/watch?v=YQHsXMglC9A', 2664, '2026-04-30 04:09:53', 957, 938);
INSERT INTO VIDEOS (video_id, channel_id, title, description, url, duration_seconds, uploaded_at, view_count, like_count) VALUES (21, 18, 'Day in the Life of a Programmer 21', 'Behind the scenes of what it really looks like to code full-time.', 'https://www.youtube.com/watch?v=JGwWNGJdvx8', 641, '2025-05-07 08:33:21', 618, 545);
INSERT INTO VIDEOS (video_id, channel_id, title, description, url, duration_seconds, uploaded_at, view_count, like_count) VALUES (22, 1, 'Camera Gear Essentials 22', 'A review of the camera and lenses I use daily.', 'https://www.youtube.com/watch?v=Zi_XLOBDo_Y', 1932, '2025-03-16 15:18:11', 730, 485);
INSERT INTO VIDEOS (video_id, channel_id, title, description, url, duration_seconds, uploaded_at, view_count, like_count) VALUES (23, 22, 'Tasting Weird Foods 23', 'Trying bizarre snacks and ranking them from best to worst.', 'https://www.youtube.com/watch?v=6MFBIjXO680', 1043, '2024-06-21 13:51:17', 995, 786);
INSERT INTO VIDEOS (video_id, channel_id, title, description, url, duration_seconds, uploaded_at, view_count, like_count) VALUES (24, 25, 'Top 10 Ancient Mysteries 24', 'Exploring history''s greatest secrets that remain unsolved.', 'https://www.youtube.com/watch?v=9bZkp7q19f0', 1712, '2025-07-25 05:54:17', 1069, 332);
INSERT INTO VIDEOS (video_id, channel_id, title, description, url, duration_seconds, uploaded_at, view_count, like_count) VALUES (25, 13, 'Aesthetic Desk Setup 25', 'Upgrading my workspace to make it clean and aesthetic.', 'https://www.youtube.com/watch?v=OPf0YbXqDm0', 70, '2024-04-09 11:17:22', 1202, 10);
INSERT INTO VIDEOS (video_id, channel_id, title, description, url, duration_seconds, uploaded_at, view_count, like_count) VALUES (26, 23, 'SQL Joins Explained 26', 'Learn how to use inner, left, and right joins in SQL.', 'https://www.youtube.com/watch?v=V-_O7nl0Ii0', 2784, '2026-03-26 08:40:28', 1135, 981);
INSERT INTO VIDEOS (video_id, channel_id, title, description, url, duration_seconds, uploaded_at, view_count, like_count) VALUES (27, 48, 'Baking a Chocolate Cake 27', 'Baking my favorite chocolate cake recipe from scratch.', 'https://www.youtube.com/watch?v=TQd2k1pEXp4', 1593, '2024-05-09 12:52:54', 207, 72);
INSERT INTO VIDEOS (video_id, channel_id, title, description, url, duration_seconds, uploaded_at, view_count, like_count) VALUES (28, 21, 'The Ultimate PC Build 28', 'Building a top-tier gaming PC with the best parts money can buy.', 'https://www.youtube.com/watch?v=TQd2k1pEXp4', 1416, '2025-10-27 12:33:24', 463, 346);
INSERT INTO VIDEOS (video_id, channel_id, title, description, url, duration_seconds, uploaded_at, view_count, like_count) VALUES (29, 44, 'Skincare Routine 29', 'My step-by-step routine for clear and healthy skin.', 'https://www.youtube.com/watch?v=fJ9rUzIMcZQ', 3171, '2025-09-22 09:22:37', 177, 143);
INSERT INTO VIDEOS (video_id, channel_id, title, description, url, duration_seconds, uploaded_at, view_count, like_count) VALUES (30, 37, 'Baking a Chocolate Cake 30', 'Baking my favorite chocolate cake recipe from scratch.', 'https://www.youtube.com/watch?v=Zi_XLOBDo_Y', 3428, '2025-01-11 13:55:04', 1433, 357);
INSERT INTO VIDEOS (video_id, channel_id, title, description, url, duration_seconds, uploaded_at, view_count, like_count) VALUES (31, 13, 'Day in the Life of a Programmer 31', 'Behind the scenes of what it really looks like to code full-time.', 'https://www.youtube.com/watch?v=jNQXAC9IVRw', 1617, '2025-10-24 14:42:48', 20, 19);
INSERT INTO VIDEOS (video_id, channel_id, title, description, url, duration_seconds, uploaded_at, view_count, like_count) VALUES (32, 47, 'Let''s Play Skyrim Episode 1 32', 'Starting a brand new adventure in Skyrim. Wish me luck.', 'https://www.youtube.com/watch?v=TQd2k1pEXp4', 1956, '2025-07-12 13:45:07', 770, 17);
INSERT INTO VIDEOS (video_id, channel_id, title, description, url, duration_seconds, uploaded_at, view_count, like_count) VALUES (33, 35, 'Baking a Chocolate Cake 33', 'Baking my favorite chocolate cake recipe from scratch.', 'https://www.youtube.com/watch?v=RgKAFK5djSk', 550, '2025-08-06 21:31:41', 293, 155);
INSERT INTO VIDEOS (video_id, channel_id, title, description, url, duration_seconds, uploaded_at, view_count, like_count) VALUES (34, 1, 'Unboxing the New Tech 34', 'Taking a look at the latest tech gadgets and whether they are worth it.', 'https://www.youtube.com/watch?v=6MFBIjXO680', 3585, '2024-01-30 06:08:02', 710, 546);
INSERT INTO VIDEOS (video_id, channel_id, title, description, url, duration_seconds, uploaded_at, view_count, like_count) VALUES (35, 1, 'Easy DIY Projects 35', 'Simple and cheap DIY projects you can do over the weekend.', 'https://www.youtube.com/watch?v=fJ9rUzIMcZQ', 341, '2024-03-25 00:34:47', 9, 9);
INSERT INTO VIDEOS (video_id, channel_id, title, description, url, duration_seconds, uploaded_at, view_count, like_count) VALUES (36, 45, 'The Ultimate PC Build 36', 'Building a top-tier gaming PC with the best parts money can buy.', 'https://www.youtube.com/watch?v=K4TOrB7at0Y', 1475, '2024-10-15 15:02:10', 689, 137);
INSERT INTO VIDEOS (video_id, channel_id, title, description, url, duration_seconds, uploaded_at, view_count, like_count) VALUES (37, 20, 'Hidden Gems of Paris 37', 'Showing you the secret spots tourists never visit.', 'https://www.youtube.com/watch?v=fJ9rUzIMcZQ', 1304, '2024-05-18 16:46:21', 1042, 132);
INSERT INTO VIDEOS (video_id, channel_id, title, description, url, duration_seconds, uploaded_at, view_count, like_count) VALUES (38, 38, 'How to Cook Pasta 38', 'A step-by-step guide to making the most delicious homemade pasta.', 'https://www.youtube.com/watch?v=TQd2k1pEXp4', 236, '2024-08-08 18:49:43', 1136, 652);
INSERT INTO VIDEOS (video_id, channel_id, title, description, url, duration_seconds, uploaded_at, view_count, like_count) VALUES (39, 28, 'My First Travel Vlog 39', 'Documenting my amazing trip and sharing all the fun moments.', 'https://www.youtube.com/watch?v=V-_O7nl0Ii0', 2933, '2025-01-17 19:42:07', 459, 9);
INSERT INTO VIDEOS (video_id, channel_id, title, description, url, duration_seconds, uploaded_at, view_count, like_count) VALUES (40, 39, 'Best Movie Scenes 40', 'Breaking down the greatest cinematic moments in film.', 'https://www.youtube.com/watch?v=PT2_F-1esPk', 2978, '2024-03-21 17:12:31', 769, 187);
INSERT INTO VIDEOS (video_id, channel_id, title, description, url, duration_seconds, uploaded_at, view_count, like_count) VALUES (41, 17, 'Relaxing Rain Sounds 41', 'Two hours of continuous rain to help you relax.', 'https://www.youtube.com/watch?v=JGwWNGJdvx8', 3488, '2025-03-30 09:24:07', 500, 433);
INSERT INTO VIDEOS (video_id, channel_id, title, description, url, duration_seconds, uploaded_at, view_count, like_count) VALUES (42, 29, 'Lighting Setup for YouTube 42', 'How to set up lights to make your videos look cinematic.', 'https://www.youtube.com/watch?v=V-_O7nl0Ii0', 2606, '2025-04-25 15:26:28', 1312, 808);
INSERT INTO VIDEOS (video_id, channel_id, title, description, url, duration_seconds, uploaded_at, view_count, like_count) VALUES (43, 30, 'Day in the Life of a Programmer 43', 'Behind the scenes of what it really looks like to code full-time.', 'https://www.youtube.com/watch?v=fJ9rUzIMcZQ', 2334, '2026-03-30 15:47:25', 976, 656);
INSERT INTO VIDEOS (video_id, channel_id, title, description, url, duration_seconds, uploaded_at, view_count, like_count) VALUES (44, 2, 'Best Music Hits 2026 44', 'A playlist of the absolute best songs from this year.', 'https://www.youtube.com/watch?v=jNQXAC9IVRw', 2780, '2026-04-02 18:15:28', 435, 347);
INSERT INTO VIDEOS (video_id, channel_id, title, description, url, duration_seconds, uploaded_at, view_count, like_count) VALUES (45, 1, 'Understanding Databases 45', 'Explaining how relational databases work in simple terms.', 'https://www.youtube.com/watch?v=Zi_XLOBDo_Y', 2922, '2024-02-08 08:52:50', 1117, 860);
INSERT INTO VIDEOS (video_id, channel_id, title, description, url, duration_seconds, uploaded_at, view_count, like_count) VALUES (46, 31, 'Best Movie Scenes 46', 'Breaking down the greatest cinematic moments in film.', 'https://www.youtube.com/watch?v=L_jWHffIx5E', 1619, '2024-07-21 11:32:37', 1034, 643);
INSERT INTO VIDEOS (video_id, channel_id, title, description, url, duration_seconds, uploaded_at, view_count, like_count) VALUES (47, 45, 'Reading Challenge 47', 'Trying to read 7 books in 7 days! Did I succeed?', 'https://www.youtube.com/watch?v=Zi_XLOBDo_Y', 803, '2025-04-18 10:22:43', 165, 110);
INSERT INTO VIDEOS (video_id, channel_id, title, description, url, duration_seconds, uploaded_at, view_count, like_count) VALUES (48, 48, 'How to Edit Videos 48', 'My complete workflow for editing videos fast and professionally.', 'https://www.youtube.com/watch?v=JGwWNGJdvx8', 722, '2025-06-13 10:39:28', 236, 11);
INSERT INTO VIDEOS (video_id, channel_id, title, description, url, duration_seconds, uploaded_at, view_count, like_count) VALUES (49, 47, 'Day in the Life of a Programmer 49', 'Behind the scenes of what it really looks like to code full-time.', 'https://www.youtube.com/watch?v=fFYeBdJnAok', 360, '2026-03-14 02:54:03', 856, 332);
INSERT INTO VIDEOS (video_id, channel_id, title, description, url, duration_seconds, uploaded_at, view_count, like_count) VALUES (50, 12, 'Let''s Play Skyrim Episode 1 50', 'Starting a brand new adventure in Skyrim. Wish me luck.', 'https://www.youtube.com/watch?v=V-_O7nl0Ii0', 2066, '2024-02-25 22:35:39', 943, 892);
INSERT INTO VIDEOS (video_id, channel_id, title, description, url, duration_seconds, uploaded_at, view_count, like_count) VALUES (51, 17, 'Understanding Databases 51', 'Explaining how relational databases work in simple terms.', 'https://www.youtube.com/watch?v=JGwWNGJdvx8', 1344, '2025-04-30 00:09:33', 24, 0);
INSERT INTO VIDEOS (video_id, channel_id, title, description, url, duration_seconds, uploaded_at, view_count, like_count) VALUES (52, 29, 'Study With Me Live 52', 'Join a silent 2-hour study session to stay focused together.', 'https://www.youtube.com/watch?v=dQw4w9WgXcQ', 3294, '2024-01-07 20:38:35', 98, 63);
INSERT INTO VIDEOS (video_id, channel_id, title, description, url, duration_seconds, uploaded_at, view_count, like_count) VALUES (53, 18, 'Exploring the Mountains 53', 'Come with me as we hike up to the highest peak in the area.', 'https://www.youtube.com/watch?v=PT2_F-1esPk', 624, '2024-11-05 18:32:13', 229, 165);
INSERT INTO VIDEOS (video_id, channel_id, title, description, url, duration_seconds, uploaded_at, view_count, like_count) VALUES (54, 32, 'My First Travel Vlog 54', 'Documenting my amazing trip and sharing all the fun moments.', 'https://www.youtube.com/watch?v=dQw4w9WgXcQ', 2274, '2024-04-28 09:36:04', 879, 404);
INSERT INTO VIDEOS (video_id, channel_id, title, description, url, duration_seconds, uploaded_at, view_count, like_count) VALUES (55, 32, 'How to Edit Videos 55', 'My complete workflow for editing videos fast and professionally.', 'https://www.youtube.com/watch?v=6MFBIjXO680', 2769, '2025-12-05 00:40:56', 1477, 767);
INSERT INTO VIDEOS (video_id, channel_id, title, description, url, duration_seconds, uploaded_at, view_count, like_count) VALUES (56, 14, 'Space and Beyond 56', 'A deep dive into galaxies, black holes, and the cosmos.', 'https://www.youtube.com/watch?v=6MFBIjXO680', 730, '2025-07-29 00:14:16', 364, 166);
INSERT INTO VIDEOS (video_id, channel_id, title, description, url, duration_seconds, uploaded_at, view_count, like_count) VALUES (57, 47, 'How to Invest your Money 57', 'Financial tips and strategies to grow your wealth safely.', 'https://www.youtube.com/watch?v=JGwWNGJdvx8', 325, '2026-02-23 17:07:48', 259, 131);
INSERT INTO VIDEOS (video_id, channel_id, title, description, url, duration_seconds, uploaded_at, view_count, like_count) VALUES (58, 30, 'Day in the Life of a Programmer 58', 'Behind the scenes of what it really looks like to code full-time.', 'https://www.youtube.com/watch?v=jNQXAC9IVRw', 1697, '2025-01-22 23:06:20', 1203, 217);
INSERT INTO VIDEOS (video_id, channel_id, title, description, url, duration_seconds, uploaded_at, view_count, like_count) VALUES (59, 18, 'Yoga for Beginners 59', 'Gentle and easy yoga poses to improve flexibility.', 'https://www.youtube.com/watch?v=dQw4w9WgXcQ', 234, '2026-01-04 21:49:03', 1398, 912);
INSERT INTO VIDEOS (video_id, channel_id, title, description, url, duration_seconds, uploaded_at, view_count, like_count) VALUES (60, 48, 'Yoga for Beginners 60', 'Gentle and easy yoga poses to improve flexibility.', 'https://www.youtube.com/watch?v=dQw4w9WgXcQ', 1659, '2025-10-19 23:48:41', 577, 519);
INSERT INTO VIDEOS (video_id, channel_id, title, description, url, duration_seconds, uploaded_at, view_count, like_count) VALUES (61, 25, 'Let''s Play Skyrim Episode 1 61', 'Starting a brand new adventure in Skyrim. Wish me luck.', 'https://www.youtube.com/watch?v=TQd2k1pEXp4', 2766, '2024-01-29 14:15:05', 346, 72);
INSERT INTO VIDEOS (video_id, channel_id, title, description, url, duration_seconds, uploaded_at, view_count, like_count) VALUES (62, 23, 'Let''s Play Skyrim Episode 1 62', 'Starting a brand new adventure in Skyrim. Wish me luck.', 'https://www.youtube.com/watch?v=B1yXAfP0AAI', 1156, '2025-04-07 12:32:36', 719, 389);
INSERT INTO VIDEOS (video_id, channel_id, title, description, url, duration_seconds, uploaded_at, view_count, like_count) VALUES (63, 28, 'Understanding Databases 63', 'Explaining how relational databases work in simple terms.', 'https://www.youtube.com/watch?v=YQHsXMglC9A', 2372, '2025-11-13 17:24:54', 578, 43);
INSERT INTO VIDEOS (video_id, channel_id, title, description, url, duration_seconds, uploaded_at, view_count, like_count) VALUES (64, 46, 'My Morning Routine 64', 'Join me as I show you how I start my day and get ready for work!', 'https://www.youtube.com/watch?v=OPf0YbXqDm0', 2209, '2024-05-24 14:26:14', 1484, 1212);
INSERT INTO VIDEOS (video_id, channel_id, title, description, url, duration_seconds, uploaded_at, view_count, like_count) VALUES (65, 2, 'Baking a Chocolate Cake 65', 'Baking my favorite chocolate cake recipe from scratch.', 'https://www.youtube.com/watch?v=JGwWNGJdvx8', 1624, '2025-04-11 00:02:02', 221, 76);
INSERT INTO VIDEOS (video_id, channel_id, title, description, url, duration_seconds, uploaded_at, view_count, like_count) VALUES (66, 49, 'Aesthetic Desk Setup 66', 'Upgrading my workspace to make it clean and aesthetic.', 'https://www.youtube.com/watch?v=3JZ_D3ELwOQ', 2979, '2024-01-25 19:37:04', 1431, 858);
INSERT INTO VIDEOS (video_id, channel_id, title, description, url, duration_seconds, uploaded_at, view_count, like_count) VALUES (67, 39, 'Epic Fails 2026 67', 'A compilation of hilarious fails caught on camera.', 'https://www.youtube.com/watch?v=hY7m5jjJ9mM', 3196, '2024-05-19 16:14:57', 810, 630);
INSERT INTO VIDEOS (video_id, channel_id, title, description, url, duration_seconds, uploaded_at, view_count, like_count) VALUES (68, 46, 'Epic Hide and Seek 68', 'The biggest game of hide and seek ever recorded!', 'https://www.youtube.com/watch?v=YQHsXMglC9A', 935, '2026-03-22 19:47:17', 868, 275);
INSERT INTO VIDEOS (video_id, channel_id, title, description, url, duration_seconds, uploaded_at, view_count, like_count) VALUES (69, 3, 'Skincare Routine 69', 'My step-by-step routine for clear and healthy skin.', 'https://www.youtube.com/watch?v=9bZkp7q19f0', 3067, '2025-07-08 01:42:51', 574, 24);
INSERT INTO VIDEOS (video_id, channel_id, title, description, url, duration_seconds, uploaded_at, view_count, like_count) VALUES (70, 37, 'Reviewing Cheap Gadgets 70', 'Testing out budget items to see if they actually work.', 'https://www.youtube.com/watch?v=K4TOrB7at0Y', 3285, '2024-07-15 18:50:07', 581, 485);
INSERT INTO VIDEOS (video_id, channel_id, title, description, url, duration_seconds, uploaded_at, view_count, like_count) VALUES (71, 38, 'Study With Me Live 71', 'Join a silent 2-hour study session to stay focused together.', 'https://www.youtube.com/watch?v=6MFBIjXO680', 1157, '2025-12-11 22:11:56', 1483, 652);
INSERT INTO VIDEOS (video_id, channel_id, title, description, url, duration_seconds, uploaded_at, view_count, like_count) VALUES (72, 15, 'The Ultimate PC Build 72', 'Building a top-tier gaming PC with the best parts money can buy.', 'https://www.youtube.com/watch?v=JGwWNGJdvx8', 1436, '2024-07-30 12:58:34', 1163, 78);
INSERT INTO VIDEOS (video_id, channel_id, title, description, url, duration_seconds, uploaded_at, view_count, like_count) VALUES (73, 19, 'Learning HTML and CSS 73', 'Everything you need to know to start building websites.', 'https://www.youtube.com/watch?v=fFYeBdJnAok', 2522, '2026-02-09 14:21:18', 67, 30);
INSERT INTO VIDEOS (video_id, channel_id, title, description, url, duration_seconds, uploaded_at, view_count, like_count) VALUES (74, 49, 'Aesthetic Desk Setup 74', 'Upgrading my workspace to make it clean and aesthetic.', 'https://www.youtube.com/watch?v=K4TOrB7at0Y', 1542, '2024-04-20 15:38:14', 1274, 225);
INSERT INTO VIDEOS (video_id, channel_id, title, description, url, duration_seconds, uploaded_at, view_count, like_count) VALUES (75, 48, 'Building a Desk from Scratch 75', 'Watch me build a custom wood desk for my room.', 'https://www.youtube.com/watch?v=fFYeBdJnAok', 640, '2026-02-18 15:55:30', 1310, 1106);
INSERT INTO VIDEOS (video_id, channel_id, title, description, url, duration_seconds, uploaded_at, view_count, like_count) VALUES (76, 38, 'A Day in Rome 76', 'Walking through the beautiful streets and historic sites of Rome.', 'https://www.youtube.com/watch?v=6MFBIjXO680', 3398, '2026-04-19 01:14:40', 523, 404);
INSERT INTO VIDEOS (video_id, channel_id, title, description, url, duration_seconds, uploaded_at, view_count, like_count) VALUES (77, 23, 'Building a Desk from Scratch 77', 'Watch me build a custom wood desk for my room.', 'https://www.youtube.com/watch?v=Zi_XLOBDo_Y', 2325, '2024-02-26 07:26:00', 681, 490);
INSERT INTO VIDEOS (video_id, channel_id, title, description, url, duration_seconds, uploaded_at, view_count, like_count) VALUES (78, 10, 'My Favorite Books 78', 'Sharing the top books that changed my perspective on life.', 'https://www.youtube.com/watch?v=PT2_F-1esPk', 1902, '2025-01-18 21:17:04', 449, 233);
INSERT INTO VIDEOS (video_id, channel_id, title, description, url, duration_seconds, uploaded_at, view_count, like_count) VALUES (79, 20, '10 Tips for Productivity 79', 'Here are 10 life-changing tips to help you get more done in less time.', 'https://www.youtube.com/watch?v=3JZ_D3ELwOQ', 230, '2025-12-11 07:21:28', 1145, 884);
INSERT INTO VIDEOS (video_id, channel_id, title, description, url, duration_seconds, uploaded_at, view_count, like_count) VALUES (80, 12, 'Unboxing the New Tech 80', 'Taking a look at the latest tech gadgets and whether they are worth it.', 'https://www.youtube.com/watch?v=dQw4w9WgXcQ', 1615, '2025-12-29 19:33:01', 305, 83);
INSERT INTO VIDEOS (video_id, channel_id, title, description, url, duration_seconds, uploaded_at, view_count, like_count) VALUES (81, 36, 'Funny Cats Compilation 81', 'Get ready to laugh with these hilarious clips of cats doing silly things.', 'https://www.youtube.com/watch?v=fFYeBdJnAok', 1192, '2025-01-21 00:03:56', 1019, 315);
INSERT INTO VIDEOS (video_id, channel_id, title, description, url, duration_seconds, uploaded_at, view_count, like_count) VALUES (82, 18, '10 Tips for Productivity 82', 'Here are 10 life-changing tips to help you get more done in less time.', 'https://www.youtube.com/watch?v=TQd2k1pEXp4', 1864, '2024-09-12 03:34:09', 1419, 1317);
INSERT INTO VIDEOS (video_id, channel_id, title, description, url, duration_seconds, uploaded_at, view_count, like_count) VALUES (83, 10, 'Learning Python in 10 Minutes 83', 'In this quick tutorial, we cover the absolute basics of Python programming.', 'https://www.youtube.com/watch?v=V-_O7nl0Ii0', 3035, '2025-08-27 04:28:05', 1069, 126);
INSERT INTO VIDEOS (video_id, channel_id, title, description, url, duration_seconds, uploaded_at, view_count, like_count) VALUES (84, 47, 'My Morning Routine 84', 'Join me as I show you how I start my day and get ready for work!', 'https://www.youtube.com/watch?v=6MFBIjXO680', 1908, '2025-10-07 02:15:58', 871, 177);
INSERT INTO VIDEOS (video_id, channel_id, title, description, url, duration_seconds, uploaded_at, view_count, like_count) VALUES (85, 17, 'My First Travel Vlog 85', 'Documenting my amazing trip and sharing all the fun moments.', 'https://www.youtube.com/watch?v=hY7m5jjJ9mM', 2736, '2024-05-12 13:34:54', 681, 499);
INSERT INTO VIDEOS (video_id, channel_id, title, description, url, duration_seconds, uploaded_at, view_count, like_count) VALUES (86, 29, 'Hidden Gems of Paris 86', 'Showing you the secret spots tourists never visit.', 'https://www.youtube.com/watch?v=fFYeBdJnAok', 2478, '2024-12-01 21:42:05', 248, 150);
INSERT INTO VIDEOS (video_id, channel_id, title, description, url, duration_seconds, uploaded_at, view_count, like_count) VALUES (87, 32, 'Best Music Hits 2026 87', 'A playlist of the absolute best songs from this year.', 'https://www.youtube.com/watch?v=hY7m5jjJ9mM', 2756, '2025-05-20 17:44:19', 1220, 1205);
INSERT INTO VIDEOS (video_id, channel_id, title, description, url, duration_seconds, uploaded_at, view_count, like_count) VALUES (88, 30, 'Hidden Gems of Paris 88', 'Showing you the secret spots tourists never visit.', 'https://www.youtube.com/watch?v=hY7m5jjJ9mM', 2642, '2025-09-28 06:14:16', 1226, 915);
INSERT INTO VIDEOS (video_id, channel_id, title, description, url, duration_seconds, uploaded_at, view_count, like_count) VALUES (89, 27, 'My Favorite Books 89', 'Sharing the top books that changed my perspective on life.', 'https://www.youtube.com/watch?v=fFYeBdJnAok', 749, '2024-05-03 04:24:31', 1286, 1076);
INSERT INTO VIDEOS (video_id, channel_id, title, description, url, duration_seconds, uploaded_at, view_count, like_count) VALUES (90, 2, 'Baking a Chocolate Cake 90', 'Baking my favorite chocolate cake recipe from scratch.', 'https://www.youtube.com/watch?v=TQd2k1pEXp4', 1760, '2025-07-01 19:22:34', 81, 61);
INSERT INTO VIDEOS (video_id, channel_id, title, description, url, duration_seconds, uploaded_at, view_count, like_count) VALUES (91, 46, 'The Ultimate PC Build 91', 'Building a top-tier gaming PC with the best parts money can buy.', 'https://www.youtube.com/watch?v=RgKAFK5djSk', 458, '2025-01-24 16:18:04', 620, 61);
INSERT INTO VIDEOS (video_id, channel_id, title, description, url, duration_seconds, uploaded_at, view_count, like_count) VALUES (92, 24, 'Best Movie Scenes 92', 'Breaking down the greatest cinematic moments in film.', 'https://www.youtube.com/watch?v=K4TOrB7at0Y', 74, '2024-08-29 04:47:15', 1059, 1039);
INSERT INTO VIDEOS (video_id, channel_id, title, description, url, duration_seconds, uploaded_at, view_count, like_count) VALUES (93, 33, 'Analysis of The Matrix 93', 'An in-depth explanation of the symbolism in this classic movie.', 'https://www.youtube.com/watch?v=YQHsXMglC9A', 2988, '2024-03-14 23:52:10', 1288, 270);
INSERT INTO VIDEOS (video_id, channel_id, title, description, url, duration_seconds, uploaded_at, view_count, like_count) VALUES (94, 18, 'Fixing a Broken Laptop 94', 'Attempting to repair a broken laptop display myself.', 'https://www.youtube.com/watch?v=RgKAFK5djSk', 2547, '2026-01-04 07:37:52', 1053, 310);
INSERT INTO VIDEOS (video_id, channel_id, title, description, url, duration_seconds, uploaded_at, view_count, like_count) VALUES (95, 32, 'Hidden Gems of Paris 95', 'Showing you the secret spots tourists never visit.', 'https://www.youtube.com/watch?v=K4TOrB7at0Y', 1601, '2026-03-26 22:09:43', 988, 339);
INSERT INTO VIDEOS (video_id, channel_id, title, description, url, duration_seconds, uploaded_at, view_count, like_count) VALUES (96, 7, 'Spicy Food Challenge 96', 'Eating the spiciest noodles I could find. Huge mistake!', 'https://www.youtube.com/watch?v=Zi_XLOBDo_Y', 434, '2025-03-16 14:37:39', 49, 44);
INSERT INTO VIDEOS (video_id, channel_id, title, description, url, duration_seconds, uploaded_at, view_count, like_count) VALUES (97, 28, 'Reviewing Cheap Gadgets 97', 'Testing out budget items to see if they actually work.', 'https://www.youtube.com/watch?v=YQHsXMglC9A', 3106, '2024-07-10 06:52:37', 1073, 461);
INSERT INTO VIDEOS (video_id, channel_id, title, description, url, duration_seconds, uploaded_at, view_count, like_count) VALUES (98, 45, 'Best Music Hits 2026 98', 'A playlist of the absolute best songs from this year.', 'https://www.youtube.com/watch?v=B1yXAfP0AAI', 3200, '2024-12-21 07:53:44', 1468, 616);
INSERT INTO VIDEOS (video_id, channel_id, title, description, url, duration_seconds, uploaded_at, view_count, like_count) VALUES (99, 22, 'Best Music Hits 2026 99', 'A playlist of the absolute best songs from this year.', 'https://www.youtube.com/watch?v=9bZkp7q19f0', 752, '2024-04-24 12:33:42', 1411, 793);
INSERT INTO VIDEOS (video_id, channel_id, title, description, url, duration_seconds, uploaded_at, view_count, like_count) VALUES (100, 37, 'My Favorite Books 100', 'Sharing the top books that changed my perspective on life.', 'https://www.youtube.com/watch?v=L_jWHffIx5E', 1315, '2026-03-17 22:52:05', 1332, 357);
INSERT INTO VIDEOS (video_id, channel_id, title, description, url, duration_seconds, uploaded_at, view_count, like_count) VALUES (101, 47, 'Yoga for Beginners 101', 'Gentle and easy yoga poses to improve flexibility.', 'https://www.youtube.com/watch?v=Zi_XLOBDo_Y', 335, '2025-12-07 16:27:45', 1473, 284);
INSERT INTO VIDEOS (video_id, channel_id, title, description, url, duration_seconds, uploaded_at, view_count, like_count) VALUES (102, 27, 'My Favorite Books 102', 'Sharing the top books that changed my perspective on life.', 'https://www.youtube.com/watch?v=K4TOrB7at0Y', 2424, '2026-01-18 21:30:33', 669, 22);
INSERT INTO VIDEOS (video_id, channel_id, title, description, url, duration_seconds, uploaded_at, view_count, like_count) VALUES (103, 38, 'Fitness Journey Day 1 103', 'Day 1 of my fitness journey. Let''s see how much I can improve!', 'https://www.youtube.com/watch?v=V-_O7nl0Ii0', 1018, '2025-05-28 00:46:06', 363, 113);
INSERT INTO VIDEOS (video_id, channel_id, title, description, url, duration_seconds, uploaded_at, view_count, like_count) VALUES (104, 31, 'Let''s Play Skyrim Episode 1 104', 'Starting a brand new adventure in Skyrim. Wish me luck.', 'https://www.youtube.com/watch?v=Zi_XLOBDo_Y', 1133, '2024-08-03 23:37:34', 1203, 167);
INSERT INTO VIDEOS (video_id, channel_id, title, description, url, duration_seconds, uploaded_at, view_count, like_count) VALUES (105, 27, 'How to Cook Pasta 105', 'A step-by-step guide to making the most delicious homemade pasta.', 'https://www.youtube.com/watch?v=OPf0YbXqDm0', 2639, '2024-08-23 21:30:52', 595, 261);
INSERT INTO VIDEOS (video_id, channel_id, title, description, url, duration_seconds, uploaded_at, view_count, like_count) VALUES (106, 17, 'Learning HTML and CSS 106', 'Everything you need to know to start building websites.', 'https://www.youtube.com/watch?v=3JZ_D3ELwOQ', 979, '2024-11-14 07:15:36', 92, 50);
INSERT INTO VIDEOS (video_id, channel_id, title, description, url, duration_seconds, uploaded_at, view_count, like_count) VALUES (107, 9, 'Relaxing Nature Sounds 107', 'Perfect background noise for studying, working, or falling asleep.', 'https://www.youtube.com/watch?v=NoaeqTWGi5A', 3564, '2026-02-08 15:00:45', 140, 133);
INSERT INTO VIDEOS (video_id, channel_id, title, description, url, duration_seconds, uploaded_at, view_count, like_count) VALUES (108, 33, 'SQL Joins Explained 108', 'Learn how to use inner, left, and right joins in SQL.', 'https://www.youtube.com/watch?v=RgKAFK5djSk', 1436, '2025-07-09 12:11:59', 1295, 484);
INSERT INTO VIDEOS (video_id, channel_id, title, description, url, duration_seconds, uploaded_at, view_count, like_count) VALUES (109, 48, 'Surviving 100 Days in Minecraft 109', 'Watch me survive 100 days in hardcore Minecraft mode.', 'https://www.youtube.com/watch?v=fFYeBdJnAok', 1821, '2025-05-04 03:23:32', 1297, 501);
INSERT INTO VIDEOS (video_id, channel_id, title, description, url, duration_seconds, uploaded_at, view_count, like_count) VALUES (110, 8, 'Relaxing Nature Sounds 110', 'Perfect background noise for studying, working, or falling asleep.', 'https://www.youtube.com/watch?v=PT2_F-1esPk', 2214, '2024-12-16 04:59:37', 567, 458);
INSERT INTO VIDEOS (video_id, channel_id, title, description, url, duration_seconds, uploaded_at, view_count, like_count) VALUES (111, 7, 'Tasting Weird Foods 111', 'Trying bizarre snacks and ranking them from best to worst.', 'https://www.youtube.com/watch?v=hY7m5jjJ9mM', 107, '2025-10-15 00:11:24', 1254, 573);
INSERT INTO VIDEOS (video_id, channel_id, title, description, url, duration_seconds, uploaded_at, view_count, like_count) VALUES (112, 13, 'Yoga for Beginners 112', 'Gentle and easy yoga poses to improve flexibility.', 'https://www.youtube.com/watch?v=fJ9rUzIMcZQ', 2072, '2025-10-19 10:43:02', 298, 59);
INSERT INTO VIDEOS (video_id, channel_id, title, description, url, duration_seconds, uploaded_at, view_count, like_count) VALUES (113, 33, 'My Morning Routine 113', 'Join me as I show you how I start my day and get ready for work!', 'https://www.youtube.com/watch?v=NoaeqTWGi5A', 1646, '2025-03-29 15:53:46', 777, 587);
INSERT INTO VIDEOS (video_id, channel_id, title, description, url, duration_seconds, uploaded_at, view_count, like_count) VALUES (114, 32, 'Spicy Food Challenge 114', 'Eating the spiciest noodles I could find. Huge mistake!', 'https://www.youtube.com/watch?v=YQHsXMglC9A', 3210, '2025-10-30 21:00:24', 936, 273);
INSERT INTO VIDEOS (video_id, channel_id, title, description, url, duration_seconds, uploaded_at, view_count, like_count) VALUES (115, 23, 'Lighting Setup for YouTube 115', 'How to set up lights to make your videos look cinematic.', 'https://www.youtube.com/watch?v=3JZ_D3ELwOQ', 2314, '2025-07-03 10:08:08', 1398, 1201);
INSERT INTO VIDEOS (video_id, channel_id, title, description, url, duration_seconds, uploaded_at, view_count, like_count) VALUES (116, 20, 'Reading Challenge 116', 'Trying to read 7 books in 7 days! Did I succeed?', 'https://www.youtube.com/watch?v=hY7m5jjJ9mM', 1181, '2025-11-23 21:32:43', 1057, 204);
INSERT INTO VIDEOS (video_id, channel_id, title, description, url, duration_seconds, uploaded_at, view_count, like_count) VALUES (117, 48, 'Spicy Food Challenge 117', 'Eating the spiciest noodles I could find. Huge mistake!', 'https://www.youtube.com/watch?v=YQHsXMglC9A', 2001, '2025-01-21 12:19:58', 377, 134);
INSERT INTO VIDEOS (video_id, channel_id, title, description, url, duration_seconds, uploaded_at, view_count, like_count) VALUES (118, 35, 'Aesthetic Desk Setup 118', 'Upgrading my workspace to make it clean and aesthetic.', 'https://www.youtube.com/watch?v=9bZkp7q19f0', 1907, '2024-02-17 02:23:48', 298, 173);
INSERT INTO VIDEOS (video_id, channel_id, title, description, url, duration_seconds, uploaded_at, view_count, like_count) VALUES (119, 17, 'Skincare Routine 119', 'My step-by-step routine for clear and healthy skin.', 'https://www.youtube.com/watch?v=PT2_F-1esPk', 1773, '2024-09-24 17:45:40', 123, 47);
INSERT INTO VIDEOS (video_id, channel_id, title, description, url, duration_seconds, uploaded_at, view_count, like_count) VALUES (120, 22, 'Space and Beyond 120', 'A deep dive into galaxies, black holes, and the cosmos.', 'https://www.youtube.com/watch?v=fJ9rUzIMcZQ', 2262, '2026-02-16 22:45:34', 564, 285);
INSERT INTO VIDEOS (video_id, channel_id, title, description, url, duration_seconds, uploaded_at, view_count, like_count) VALUES (121, 17, 'JavaScript Crash Course 121', 'A crash course on the fundamentals of JavaScript.', 'https://www.youtube.com/watch?v=JGwWNGJdvx8', 299, '2025-06-26 06:37:16', 1086, 1035);
INSERT INTO VIDEOS (video_id, channel_id, title, description, url, duration_seconds, uploaded_at, view_count, like_count) VALUES (122, 5, 'Top 5 Gaming Moments 122', 'Check out these insane gaming clips submitted by subscribers.', 'https://www.youtube.com/watch?v=6MFBIjXO680', 504, '2026-01-08 23:21:16', 297, 246);
INSERT INTO VIDEOS (video_id, channel_id, title, description, url, duration_seconds, uploaded_at, view_count, like_count) VALUES (123, 10, 'Epic Hide and Seek 123', 'The biggest game of hide and seek ever recorded!', 'https://www.youtube.com/watch?v=NoaeqTWGi5A', 1132, '2024-09-28 10:45:53', 424, 394);
INSERT INTO VIDEOS (video_id, channel_id, title, description, url, duration_seconds, uploaded_at, view_count, like_count) VALUES (124, 28, 'Yoga for Beginners 124', 'Gentle and easy yoga poses to improve flexibility.', 'https://www.youtube.com/watch?v=fFYeBdJnAok', 396, '2024-10-21 05:12:19', 1276, 1203);
INSERT INTO VIDEOS (video_id, channel_id, title, description, url, duration_seconds, uploaded_at, view_count, like_count) VALUES (125, 2, 'How to Edit Videos 125', 'My complete workflow for editing videos fast and professionally.', 'https://www.youtube.com/watch?v=Zi_XLOBDo_Y', 2105, '2025-06-10 08:43:38', 796, 445);
INSERT INTO VIDEOS (video_id, channel_id, title, description, url, duration_seconds, uploaded_at, view_count, like_count) VALUES (126, 49, 'Building a Desk from Scratch 126', 'Watch me build a custom wood desk for my room.', 'https://www.youtube.com/watch?v=3JZ_D3ELwOQ', 3389, '2025-06-21 14:18:09', 840, 449);
INSERT INTO VIDEOS (video_id, channel_id, title, description, url, duration_seconds, uploaded_at, view_count, like_count) VALUES (127, 35, 'My Morning Routine 127', 'Join me as I show you how I start my day and get ready for work!', 'https://www.youtube.com/watch?v=K4TOrB7at0Y', 1474, '2025-03-22 18:48:43', 849, 661);
INSERT INTO VIDEOS (video_id, channel_id, title, description, url, duration_seconds, uploaded_at, view_count, like_count) VALUES (128, 7, 'Fixing a Broken Laptop 128', 'Attempting to repair a broken laptop display myself.', 'https://www.youtube.com/watch?v=V-_O7nl0Ii0', 2495, '2025-04-28 21:01:29', 832, 239);
INSERT INTO VIDEOS (video_id, channel_id, title, description, url, duration_seconds, uploaded_at, view_count, like_count) VALUES (129, 27, 'My Favorite Books 129', 'Sharing the top books that changed my perspective on life.', 'https://www.youtube.com/watch?v=9bZkp7q19f0', 2225, '2025-06-18 23:59:25', 635, 375);
INSERT INTO VIDEOS (video_id, channel_id, title, description, url, duration_seconds, uploaded_at, view_count, like_count) VALUES (130, 18, 'Exploring the Mountains 130', 'Come with me as we hike up to the highest peak in the area.', 'https://www.youtube.com/watch?v=OPf0YbXqDm0', 632, '2025-11-05 00:03:16', 154, 33);
INSERT INTO VIDEOS (video_id, channel_id, title, description, url, duration_seconds, uploaded_at, view_count, like_count) VALUES (131, 3, 'Let''s Play Skyrim Episode 1 131', 'Starting a brand new adventure in Skyrim. Wish me luck.', 'https://www.youtube.com/watch?v=V-_O7nl0Ii0', 82, '2024-03-26 04:05:00', 1438, 428);
INSERT INTO VIDEOS (video_id, channel_id, title, description, url, duration_seconds, uploaded_at, view_count, like_count) VALUES (132, 16, 'Epic Hide and Seek 132', 'The biggest game of hide and seek ever recorded!', 'https://www.youtube.com/watch?v=RgKAFK5djSk', 1629, '2024-05-25 15:46:24', 715, 428);
INSERT INTO VIDEOS (video_id, channel_id, title, description, url, duration_seconds, uploaded_at, view_count, like_count) VALUES (133, 17, 'Day in the Life of a Programmer 133', 'Behind the scenes of what it really looks like to code full-time.', 'https://www.youtube.com/watch?v=PT2_F-1esPk', 691, '2024-06-04 09:57:58', 1361, 1023);
INSERT INTO VIDEOS (video_id, channel_id, title, description, url, duration_seconds, uploaded_at, view_count, like_count) VALUES (134, 22, 'Reviewing Cheap Gadgets 134', 'Testing out budget items to see if they actually work.', 'https://www.youtube.com/watch?v=RgKAFK5djSk', 1869, '2024-11-05 06:36:26', 994, 339);
INSERT INTO VIDEOS (video_id, channel_id, title, description, url, duration_seconds, uploaded_at, view_count, like_count) VALUES (135, 50, 'How to Invest your Money 135', 'Financial tips and strategies to grow your wealth safely.', 'https://www.youtube.com/watch?v=hY7m5jjJ9mM', 496, '2026-03-27 05:31:30', 594, 272);
INSERT INTO VIDEOS (video_id, channel_id, title, description, url, duration_seconds, uploaded_at, view_count, like_count) VALUES (136, 38, 'Spicy Food Challenge 136', 'Eating the spiciest noodles I could find. Huge mistake!', 'https://www.youtube.com/watch?v=YQHsXMglC9A', 114, '2024-10-13 09:23:41', 142, 3);
INSERT INTO VIDEOS (video_id, channel_id, title, description, url, duration_seconds, uploaded_at, view_count, like_count) VALUES (137, 4, 'My First Travel Vlog 137', 'Documenting my amazing trip and sharing all the fun moments.', 'https://www.youtube.com/watch?v=RgKAFK5djSk', 2609, '2025-10-21 03:28:43', 767, 484);
INSERT INTO VIDEOS (video_id, channel_id, title, description, url, duration_seconds, uploaded_at, view_count, like_count) VALUES (138, 30, 'The Ultimate PC Build 138', 'Building a top-tier gaming PC with the best parts money can buy.', 'https://www.youtube.com/watch?v=K4TOrB7at0Y', 1746, '2025-07-04 10:35:17', 230, 122);
INSERT INTO VIDEOS (video_id, channel_id, title, description, url, duration_seconds, uploaded_at, view_count, like_count) VALUES (139, 49, 'Day in the Life of a Programmer 139', 'Behind the scenes of what it really looks like to code full-time.', 'https://www.youtube.com/watch?v=NoaeqTWGi5A', 3049, '2025-08-19 01:34:39', 265, 8);
INSERT INTO VIDEOS (video_id, channel_id, title, description, url, duration_seconds, uploaded_at, view_count, like_count) VALUES (140, 15, 'My Favorite Books 140', 'Sharing the top books that changed my perspective on life.', 'https://www.youtube.com/watch?v=NoaeqTWGi5A', 2522, '2024-06-11 02:47:30', 966, 306);
INSERT INTO VIDEOS (video_id, channel_id, title, description, url, duration_seconds, uploaded_at, view_count, like_count) VALUES (141, 25, 'Unboxing the New Tech 141', 'Taking a look at the latest tech gadgets and whether they are worth it.', 'https://www.youtube.com/watch?v=jNQXAC9IVRw', 297, '2024-12-22 12:23:56', 1028, 614);
INSERT INTO VIDEOS (video_id, channel_id, title, description, url, duration_seconds, uploaded_at, view_count, like_count) VALUES (142, 28, 'Aesthetic Desk Setup 142', 'Upgrading my workspace to make it clean and aesthetic.', 'https://www.youtube.com/watch?v=dQw4w9WgXcQ', 1257, '2024-09-22 22:34:16', 319, 131);
INSERT INTO VIDEOS (video_id, channel_id, title, description, url, duration_seconds, uploaded_at, view_count, like_count) VALUES (143, 2, 'Top 5 Gaming Moments 143', 'Check out these insane gaming clips submitted by subscribers.', 'https://www.youtube.com/watch?v=6MFBIjXO680', 1804, '2024-09-07 04:11:14', 973, 743);
INSERT INTO VIDEOS (video_id, channel_id, title, description, url, duration_seconds, uploaded_at, view_count, like_count) VALUES (144, 29, 'My Favorite Books 144', 'Sharing the top books that changed my perspective on life.', 'https://www.youtube.com/watch?v=fJ9rUzIMcZQ', 3448, '2024-11-20 16:17:12', 553, 115);
INSERT INTO VIDEOS (video_id, channel_id, title, description, url, duration_seconds, uploaded_at, view_count, like_count) VALUES (145, 40, 'Let''s Play Skyrim Episode 1 145', 'Starting a brand new adventure in Skyrim. Wish me luck.', 'https://www.youtube.com/watch?v=RgKAFK5djSk', 1088, '2025-03-22 07:03:44', 515, 193);
INSERT INTO VIDEOS (video_id, channel_id, title, description, url, duration_seconds, uploaded_at, view_count, like_count) VALUES (146, 28, 'Unboxing the New Tech 146', 'Taking a look at the latest tech gadgets and whether they are worth it.', 'https://www.youtube.com/watch?v=fFYeBdJnAok', 2889, '2024-11-24 09:09:13', 1227, 1034);
INSERT INTO VIDEOS (video_id, channel_id, title, description, url, duration_seconds, uploaded_at, view_count, like_count) VALUES (147, 45, 'Fixing a Broken Laptop 147', 'Attempting to repair a broken laptop display myself.', 'https://www.youtube.com/watch?v=3JZ_D3ELwOQ', 3533, '2026-04-12 18:43:52', 895, 489);
INSERT INTO VIDEOS (video_id, channel_id, title, description, url, duration_seconds, uploaded_at, view_count, like_count) VALUES (148, 33, 'Let''s Play Skyrim Episode 1 148', 'Starting a brand new adventure in Skyrim. Wish me luck.', 'https://www.youtube.com/watch?v=jNQXAC9IVRw', 3340, '2024-02-01 09:15:35', 870, 145);
INSERT INTO VIDEOS (video_id, channel_id, title, description, url, duration_seconds, uploaded_at, view_count, like_count) VALUES (149, 29, 'Camera Gear Essentials 149', 'A review of the camera and lenses I use daily.', 'https://www.youtube.com/watch?v=L_jWHffIx5E', 1257, '2025-03-29 00:41:30', 532, 243);
INSERT INTO VIDEOS (video_id, channel_id, title, description, url, duration_seconds, uploaded_at, view_count, like_count) VALUES (150, 20, 'Analysis of The Matrix 150', 'An in-depth explanation of the symbolism in this classic movie.', 'https://www.youtube.com/watch?v=3JZ_D3ELwOQ', 1551, '2025-02-24 14:33:05', 1136, 51);
INSERT INTO VIDEOS (video_id, channel_id, title, description, url, duration_seconds, uploaded_at, view_count, like_count) VALUES (151, 19, 'How to Cook Pasta 151', 'A step-by-step guide to making the most delicious homemade pasta.', 'https://www.youtube.com/watch?v=hY7m5jjJ9mM', 1548, '2025-02-15 02:39:27', 1051, 41);
INSERT INTO VIDEOS (video_id, channel_id, title, description, url, duration_seconds, uploaded_at, view_count, like_count) VALUES (152, 12, 'My Favorite Books 152', 'Sharing the top books that changed my perspective on life.', 'https://www.youtube.com/watch?v=JGwWNGJdvx8', 1544, '2025-06-12 10:33:35', 680, 168);
INSERT INTO VIDEOS (video_id, channel_id, title, description, url, duration_seconds, uploaded_at, view_count, like_count) VALUES (153, 41, 'Easy DIY Projects 153', 'Simple and cheap DIY projects you can do over the weekend.', 'https://www.youtube.com/watch?v=RgKAFK5djSk', 889, '2024-07-25 20:13:04', 1025, 319);
INSERT INTO VIDEOS (video_id, channel_id, title, description, url, duration_seconds, uploaded_at, view_count, like_count) VALUES (154, 9, 'My First Travel Vlog 154', 'Documenting my amazing trip and sharing all the fun moments.', 'https://www.youtube.com/watch?v=RgKAFK5djSk', 305, '2025-06-29 17:50:38', 1460, 154);
INSERT INTO VIDEOS (video_id, channel_id, title, description, url, duration_seconds, uploaded_at, view_count, like_count) VALUES (155, 2, 'Top 10 Ancient Mysteries 155', 'Exploring history''s greatest secrets that remain unsolved.', 'https://www.youtube.com/watch?v=L_jWHffIx5E', 3218, '2024-08-05 12:08:38', 759, 292);
INSERT INTO VIDEOS (video_id, channel_id, title, description, url, duration_seconds, uploaded_at, view_count, like_count) VALUES (156, 22, 'Relaxing Rain Sounds 156', 'Two hours of continuous rain to help you relax.', 'https://www.youtube.com/watch?v=fJ9rUzIMcZQ', 1456, '2025-05-01 04:41:47', 933, 65);
INSERT INTO VIDEOS (video_id, channel_id, title, description, url, duration_seconds, uploaded_at, view_count, like_count) VALUES (157, 47, 'JavaScript Crash Course 157', 'A crash course on the fundamentals of JavaScript.', 'https://www.youtube.com/watch?v=jNQXAC9IVRw', 3053, '2024-08-25 23:04:27', 590, 461);
INSERT INTO VIDEOS (video_id, channel_id, title, description, url, duration_seconds, uploaded_at, view_count, like_count) VALUES (158, 39, 'Aesthetic Desk Setup 158', 'Upgrading my workspace to make it clean and aesthetic.', 'https://www.youtube.com/watch?v=jNQXAC9IVRw', 543, '2025-05-10 22:33:30', 1446, 322);
INSERT INTO VIDEOS (video_id, channel_id, title, description, url, duration_seconds, uploaded_at, view_count, like_count) VALUES (159, 39, 'My Morning Routine 159', 'Join me as I show you how I start my day and get ready for work!', 'https://www.youtube.com/watch?v=B1yXAfP0AAI', 265, '2025-09-22 13:52:29', 576, 453);
INSERT INTO VIDEOS (video_id, channel_id, title, description, url, duration_seconds, uploaded_at, view_count, like_count) VALUES (160, 44, 'Lighting Setup for YouTube 160', 'How to set up lights to make your videos look cinematic.', 'https://www.youtube.com/watch?v=YQHsXMglC9A', 605, '2024-05-08 13:06:45', 988, 587);
INSERT INTO VIDEOS (video_id, channel_id, title, description, url, duration_seconds, uploaded_at, view_count, like_count) VALUES (161, 10, 'Try Not to Laugh Challenge 161', 'Can you get through this whole video without laughing?', 'https://www.youtube.com/watch?v=fJ9rUzIMcZQ', 952, '2026-01-15 06:22:23', 343, 38);
INSERT INTO VIDEOS (video_id, channel_id, title, description, url, duration_seconds, uploaded_at, view_count, like_count) VALUES (162, 4, 'React Tutorial for Beginners 162', 'Perfect for beginners trying to learn React from scratch.', 'https://www.youtube.com/watch?v=fFYeBdJnAok', 620, '2025-06-12 13:58:05', 369, 362);
INSERT INTO VIDEOS (video_id, channel_id, title, description, url, duration_seconds, uploaded_at, view_count, like_count) VALUES (163, 44, 'Reviewing Cheap Gadgets 163', 'Testing out budget items to see if they actually work.', 'https://www.youtube.com/watch?v=NoaeqTWGi5A', 1486, '2025-11-09 10:32:18', 1475, 591);
INSERT INTO VIDEOS (video_id, channel_id, title, description, url, duration_seconds, uploaded_at, view_count, like_count) VALUES (164, 14, 'Reviewing Cheap Gadgets 164', 'Testing out budget items to see if they actually work.', 'https://www.youtube.com/watch?v=K4TOrB7at0Y', 2538, '2024-05-18 10:55:23', 1182, 980);
INSERT INTO VIDEOS (video_id, channel_id, title, description, url, duration_seconds, uploaded_at, view_count, like_count) VALUES (165, 10, 'The Ultimate PC Build 165', 'Building a top-tier gaming PC with the best parts money can buy.', 'https://www.youtube.com/watch?v=Zi_XLOBDo_Y', 2710, '2024-11-14 10:12:56', 1459, 611);
INSERT INTO VIDEOS (video_id, channel_id, title, description, url, duration_seconds, uploaded_at, view_count, like_count) VALUES (166, 15, 'SQL Joins Explained 166', 'Learn how to use inner, left, and right joins in SQL.', 'https://www.youtube.com/watch?v=V-_O7nl0Ii0', 1069, '2025-05-31 14:57:52', 619, 118);
INSERT INTO VIDEOS (video_id, channel_id, title, description, url, duration_seconds, uploaded_at, view_count, like_count) VALUES (167, 26, 'Building a Desk from Scratch 167', 'Watch me build a custom wood desk for my room.', 'https://www.youtube.com/watch?v=Zi_XLOBDo_Y', 2887, '2025-02-21 18:01:57', 820, 124);
INSERT INTO VIDEOS (video_id, channel_id, title, description, url, duration_seconds, uploaded_at, view_count, like_count) VALUES (168, 50, 'Best Movie Scenes 168', 'Breaking down the greatest cinematic moments in film.', 'https://www.youtube.com/watch?v=YQHsXMglC9A', 671, '2024-04-02 16:19:57', 944, 500);
INSERT INTO VIDEOS (video_id, channel_id, title, description, url, duration_seconds, uploaded_at, view_count, like_count) VALUES (169, 45, 'Exploring the Mountains 169', 'Come with me as we hike up to the highest peak in the area.', 'https://www.youtube.com/watch?v=YQHsXMglC9A', 1661, '2024-09-09 01:36:56', 431, 111);
INSERT INTO VIDEOS (video_id, channel_id, title, description, url, duration_seconds, uploaded_at, view_count, like_count) VALUES (170, 44, 'Relaxing Nature Sounds 170', 'Perfect background noise for studying, working, or falling asleep.', 'https://www.youtube.com/watch?v=NoaeqTWGi5A', 662, '2024-11-15 05:03:25', 326, 50);
INSERT INTO VIDEOS (video_id, channel_id, title, description, url, duration_seconds, uploaded_at, view_count, like_count) VALUES (171, 11, 'Fitness Journey Day 1 171', 'Day 1 of my fitness journey. Let''s see how much I can improve!', 'https://www.youtube.com/watch?v=TQd2k1pEXp4', 1705, '2026-04-07 02:11:15', 1420, 141);
INSERT INTO VIDEOS (video_id, channel_id, title, description, url, duration_seconds, uploaded_at, view_count, like_count) VALUES (172, 50, 'React Tutorial for Beginners 172', 'Perfect for beginners trying to learn React from scratch.', 'https://www.youtube.com/watch?v=hY7m5jjJ9mM', 3328, '2024-03-20 20:18:45', 427, 164);
INSERT INTO VIDEOS (video_id, channel_id, title, description, url, duration_seconds, uploaded_at, view_count, like_count) VALUES (173, 39, 'Top 10 Ancient Mysteries 173', 'Exploring history''s greatest secrets that remain unsolved.', 'https://www.youtube.com/watch?v=hY7m5jjJ9mM', 966, '2024-10-05 17:28:43', 1499, 77);
INSERT INTO VIDEOS (video_id, channel_id, title, description, url, duration_seconds, uploaded_at, view_count, like_count) VALUES (174, 9, 'Learning HTML and CSS 174', 'Everything you need to know to start building websites.', 'https://www.youtube.com/watch?v=JGwWNGJdvx8', 3100, '2025-02-12 12:14:09', 91, 22);
INSERT INTO VIDEOS (video_id, channel_id, title, description, url, duration_seconds, uploaded_at, view_count, like_count) VALUES (175, 32, 'Fixing a Broken Laptop 175', 'Attempting to repair a broken laptop display myself.', 'https://www.youtube.com/watch?v=YQHsXMglC9A', 2450, '2025-04-12 00:41:26', 69, 47);
INSERT INTO VIDEOS (video_id, channel_id, title, description, url, duration_seconds, uploaded_at, view_count, like_count) VALUES (176, 36, 'Yoga for Beginners 176', 'Gentle and easy yoga poses to improve flexibility.', 'https://www.youtube.com/watch?v=NoaeqTWGi5A', 3216, '2025-05-08 11:36:30', 408, 19);
INSERT INTO VIDEOS (video_id, channel_id, title, description, url, duration_seconds, uploaded_at, view_count, like_count) VALUES (177, 16, 'Fixing a Broken Laptop 177', 'Attempting to repair a broken laptop display myself.', 'https://www.youtube.com/watch?v=fFYeBdJnAok', 1941, '2024-06-14 18:00:01', 217, 198);
INSERT INTO VIDEOS (video_id, channel_id, title, description, url, duration_seconds, uploaded_at, view_count, like_count) VALUES (178, 5, 'Analysis of The Matrix 178', 'An in-depth explanation of the symbolism in this classic movie.', 'https://www.youtube.com/watch?v=fJ9rUzIMcZQ', 3305, '2025-07-21 06:14:08', 1414, 1103);
INSERT INTO VIDEOS (video_id, channel_id, title, description, url, duration_seconds, uploaded_at, view_count, like_count) VALUES (179, 18, 'Top 10 Ancient Mysteries 179', 'Exploring history''s greatest secrets that remain unsolved.', 'https://www.youtube.com/watch?v=K4TOrB7at0Y', 1905, '2024-11-23 22:44:59', 715, 390);
INSERT INTO VIDEOS (video_id, channel_id, title, description, url, duration_seconds, uploaded_at, view_count, like_count) VALUES (180, 49, 'My Favorite Books 180', 'Sharing the top books that changed my perspective on life.', 'https://www.youtube.com/watch?v=dQw4w9WgXcQ', 888, '2024-04-29 16:48:10', 1092, 733);
INSERT INTO VIDEOS (video_id, channel_id, title, description, url, duration_seconds, uploaded_at, view_count, like_count) VALUES (181, 50, 'Aesthetic Desk Setup 181', 'Upgrading my workspace to make it clean and aesthetic.', 'https://www.youtube.com/watch?v=PT2_F-1esPk', 1870, '2024-11-10 12:01:56', 131, 28);
INSERT INTO VIDEOS (video_id, channel_id, title, description, url, duration_seconds, uploaded_at, view_count, like_count) VALUES (182, 33, 'Baking a Chocolate Cake 182', 'Baking my favorite chocolate cake recipe from scratch.', 'https://www.youtube.com/watch?v=3JZ_D3ELwOQ', 162, '2024-10-17 02:18:43', 1117, 723);
INSERT INTO VIDEOS (video_id, channel_id, title, description, url, duration_seconds, uploaded_at, view_count, like_count) VALUES (183, 42, 'Top 10 Ancient Mysteries 183', 'Exploring history''s greatest secrets that remain unsolved.', 'https://www.youtube.com/watch?v=RgKAFK5djSk', 589, '2024-03-30 02:46:27', 169, 160);
INSERT INTO VIDEOS (video_id, channel_id, title, description, url, duration_seconds, uploaded_at, view_count, like_count) VALUES (184, 8, 'Skincare Routine 184', 'My step-by-step routine for clear and healthy skin.', 'https://www.youtube.com/watch?v=TQd2k1pEXp4', 688, '2024-12-05 07:29:39', 661, 601);
INSERT INTO VIDEOS (video_id, channel_id, title, description, url, duration_seconds, uploaded_at, view_count, like_count) VALUES (185, 20, 'Analysis of The Matrix 185', 'An in-depth explanation of the symbolism in this classic movie.', 'https://www.youtube.com/watch?v=TQd2k1pEXp4', 2828, '2024-05-15 04:03:52', 1444, 786);
INSERT INTO VIDEOS (video_id, channel_id, title, description, url, duration_seconds, uploaded_at, view_count, like_count) VALUES (186, 13, 'Hidden Gems of Paris 186', 'Showing you the secret spots tourists never visit.', 'https://www.youtube.com/watch?v=V-_O7nl0Ii0', 2838, '2024-10-20 06:40:25', 499, 221);
INSERT INTO VIDEOS (video_id, channel_id, title, description, url, duration_seconds, uploaded_at, view_count, like_count) VALUES (187, 20, 'Camera Gear Essentials 187', 'A review of the camera and lenses I use daily.', 'https://www.youtube.com/watch?v=RgKAFK5djSk', 2384, '2025-04-29 08:32:36', 1400, 1190);
INSERT INTO VIDEOS (video_id, channel_id, title, description, url, duration_seconds, uploaded_at, view_count, like_count) VALUES (188, 42, 'Understanding Databases 188', 'Explaining how relational databases work in simple terms.', 'https://www.youtube.com/watch?v=YQHsXMglC9A', 144, '2024-02-05 08:43:05', 1233, 276);
INSERT INTO VIDEOS (video_id, channel_id, title, description, url, duration_seconds, uploaded_at, view_count, like_count) VALUES (189, 49, 'Morning Stretch Routine 189', 'Start your morning right with these wake-up stretches.', 'https://www.youtube.com/watch?v=YQHsXMglC9A', 1178, '2024-05-23 19:04:06', 79, 5);
INSERT INTO VIDEOS (video_id, channel_id, title, description, url, duration_seconds, uploaded_at, view_count, like_count) VALUES (190, 46, 'Building a Desk from Scratch 190', 'Watch me build a custom wood desk for my room.', 'https://www.youtube.com/watch?v=NoaeqTWGi5A', 939, '2024-08-16 00:49:43', 799, 770);
INSERT INTO VIDEOS (video_id, channel_id, title, description, url, duration_seconds, uploaded_at, view_count, like_count) VALUES (191, 41, 'Relaxing Rain Sounds 191', 'Two hours of continuous rain to help you relax.', 'https://www.youtube.com/watch?v=jNQXAC9IVRw', 3548, '2025-04-21 02:07:42', 488, 181);
INSERT INTO VIDEOS (video_id, channel_id, title, description, url, duration_seconds, uploaded_at, view_count, like_count) VALUES (192, 11, 'Day in the Life of a Programmer 192', 'Behind the scenes of what it really looks like to code full-time.', 'https://www.youtube.com/watch?v=fFYeBdJnAok', 1001, '2026-01-25 16:35:07', 904, 342);
INSERT INTO VIDEOS (video_id, channel_id, title, description, url, duration_seconds, uploaded_at, view_count, like_count) VALUES (193, 31, 'Learning Python in 10 Minutes 193', 'In this quick tutorial, we cover the absolute basics of Python programming.', 'https://www.youtube.com/watch?v=OPf0YbXqDm0', 3397, '2024-09-24 10:53:25', 1441, 1001);
INSERT INTO VIDEOS (video_id, channel_id, title, description, url, duration_seconds, uploaded_at, view_count, like_count) VALUES (194, 12, 'Best Music Hits 2026 194', 'A playlist of the absolute best songs from this year.', 'https://www.youtube.com/watch?v=YQHsXMglC9A', 1872, '2025-08-10 23:39:30', 190, 159);
INSERT INTO VIDEOS (video_id, channel_id, title, description, url, duration_seconds, uploaded_at, view_count, like_count) VALUES (195, 4, 'Baking a Chocolate Cake 195', 'Baking my favorite chocolate cake recipe from scratch.', 'https://www.youtube.com/watch?v=RgKAFK5djSk', 1162, '2024-06-09 02:42:54', 985, 888);
INSERT INTO VIDEOS (video_id, channel_id, title, description, url, duration_seconds, uploaded_at, view_count, like_count) VALUES (196, 8, 'How to Edit Videos 196', 'My complete workflow for editing videos fast and professionally.', 'https://www.youtube.com/watch?v=hY7m5jjJ9mM', 2933, '2026-01-27 06:50:38', 1284, 392);
INSERT INTO VIDEOS (video_id, channel_id, title, description, url, duration_seconds, uploaded_at, view_count, like_count) VALUES (197, 10, 'Learning HTML and CSS 197', 'Everything you need to know to start building websites.', 'https://www.youtube.com/watch?v=V-_O7nl0Ii0', 1670, '2024-03-22 04:36:13', 41, 23);
INSERT INTO VIDEOS (video_id, channel_id, title, description, url, duration_seconds, uploaded_at, view_count, like_count) VALUES (198, 1, 'Spicy Food Challenge 198', 'Eating the spiciest noodles I could find. Huge mistake!', 'https://www.youtube.com/watch?v=fJ9rUzIMcZQ', 1394, '2025-02-16 06:03:31', 1448, 1127);
INSERT INTO VIDEOS (video_id, channel_id, title, description, url, duration_seconds, uploaded_at, view_count, like_count) VALUES (199, 22, 'Epic Fails 2026 199', 'A compilation of hilarious fails caught on camera.', 'https://www.youtube.com/watch?v=fFYeBdJnAok', 1817, '2026-02-15 10:06:30', 462, 287);
INSERT INTO VIDEOS (video_id, channel_id, title, description, url, duration_seconds, uploaded_at, view_count, like_count) VALUES (200, 37, 'Building a Desk from Scratch 200', 'Watch me build a custom wood desk for my room.', 'https://www.youtube.com/watch?v=PT2_F-1esPk', 1558, '2025-05-30 07:15:31', 1141, 651);

-- SUBSCRIPTIONS
INSERT INTO SUBSCRIPTIONS (subscription_id, subscriber_id, channel_id, subscribed_at) VALUES (1, 17, 3, '2025-11-06 15:51:57');
INSERT INTO SUBSCRIPTIONS (subscription_id, subscriber_id, channel_id, subscribed_at) VALUES (2, 88, 17, '2024-11-16 21:36:35');
INSERT INTO SUBSCRIPTIONS (subscription_id, subscriber_id, channel_id, subscribed_at) VALUES (3, 22, 49, '2025-02-21 01:40:06');
INSERT INTO SUBSCRIPTIONS (subscription_id, subscriber_id, channel_id, subscribed_at) VALUES (4, 13, 44, '2024-01-27 23:03:19');
INSERT INTO SUBSCRIPTIONS (subscription_id, subscriber_id, channel_id, subscribed_at) VALUES (5, 69, 21, '2024-05-23 14:49:53');
INSERT INTO SUBSCRIPTIONS (subscription_id, subscriber_id, channel_id, subscribed_at) VALUES (6, 11, 15, '2025-10-15 21:32:44');
INSERT INTO SUBSCRIPTIONS (subscription_id, subscriber_id, channel_id, subscribed_at) VALUES (7, 28, 43, '2024-02-21 10:50:20');
INSERT INTO SUBSCRIPTIONS (subscription_id, subscriber_id, channel_id, subscribed_at) VALUES (8, 7, 49, '2024-04-28 09:40:11');
INSERT INTO SUBSCRIPTIONS (subscription_id, subscriber_id, channel_id, subscribed_at) VALUES (9, 52, 3, '2025-01-07 09:38:25');
INSERT INTO SUBSCRIPTIONS (subscription_id, subscriber_id, channel_id, subscribed_at) VALUES (10, 3, 31, '2026-01-16 12:22:12');
INSERT INTO SUBSCRIPTIONS (subscription_id, subscriber_id, channel_id, subscribed_at) VALUES (11, 48, 32, '2025-02-19 17:52:50');
INSERT INTO SUBSCRIPTIONS (subscription_id, subscriber_id, channel_id, subscribed_at) VALUES (12, 35, 25, '2026-01-31 23:47:49');
INSERT INTO SUBSCRIPTIONS (subscription_id, subscriber_id, channel_id, subscribed_at) VALUES (13, 58, 22, '2025-08-20 07:28:57');
INSERT INTO SUBSCRIPTIONS (subscription_id, subscriber_id, channel_id, subscribed_at) VALUES (14, 95, 19, '2025-08-15 13:41:07');
INSERT INTO SUBSCRIPTIONS (subscription_id, subscriber_id, channel_id, subscribed_at) VALUES (15, 31, 50, '2025-12-07 01:43:15');
INSERT INTO SUBSCRIPTIONS (subscription_id, subscriber_id, channel_id, subscribed_at) VALUES (16, 40, 35, '2026-04-01 14:35:15');
INSERT INTO SUBSCRIPTIONS (subscription_id, subscriber_id, channel_id, subscribed_at) VALUES (17, 71, 16, '2025-05-19 12:11:47');
INSERT INTO SUBSCRIPTIONS (subscription_id, subscriber_id, channel_id, subscribed_at) VALUES (18, 28, 24, '2024-03-10 23:11:00');
INSERT INTO SUBSCRIPTIONS (subscription_id, subscriber_id, channel_id, subscribed_at) VALUES (19, 41, 13, '2024-09-12 13:30:38');
INSERT INTO SUBSCRIPTIONS (subscription_id, subscriber_id, channel_id, subscribed_at) VALUES (20, 38, 28, '2024-04-13 07:44:36');
INSERT INTO SUBSCRIPTIONS (subscription_id, subscriber_id, channel_id, subscribed_at) VALUES (21, 41, 43, '2025-06-05 15:01:28');
INSERT INTO SUBSCRIPTIONS (subscription_id, subscriber_id, channel_id, subscribed_at) VALUES (22, 71, 41, '2026-04-30 13:01:11');
INSERT INTO SUBSCRIPTIONS (subscription_id, subscriber_id, channel_id, subscribed_at) VALUES (23, 82, 38, '2025-08-19 16:12:56');
INSERT INTO SUBSCRIPTIONS (subscription_id, subscriber_id, channel_id, subscribed_at) VALUES (24, 89, 31, '2026-03-21 07:45:32');
INSERT INTO SUBSCRIPTIONS (subscription_id, subscriber_id, channel_id, subscribed_at) VALUES (25, 86, 4, '2026-03-30 21:26:44');
INSERT INTO SUBSCRIPTIONS (subscription_id, subscriber_id, channel_id, subscribed_at) VALUES (26, 69, 43, '2025-11-19 03:24:32');
INSERT INTO SUBSCRIPTIONS (subscription_id, subscriber_id, channel_id, subscribed_at) VALUES (27, 94, 10, '2024-07-24 23:38:50');
INSERT INTO SUBSCRIPTIONS (subscription_id, subscriber_id, channel_id, subscribed_at) VALUES (28, 46, 33, '2024-10-26 23:41:41');
INSERT INTO SUBSCRIPTIONS (subscription_id, subscriber_id, channel_id, subscribed_at) VALUES (29, 85, 45, '2024-01-04 08:21:05');
INSERT INTO SUBSCRIPTIONS (subscription_id, subscriber_id, channel_id, subscribed_at) VALUES (30, 82, 39, '2026-01-17 19:33:55');
INSERT INTO SUBSCRIPTIONS (subscription_id, subscriber_id, channel_id, subscribed_at) VALUES (31, 83, 37, '2026-01-14 03:35:27');
INSERT INTO SUBSCRIPTIONS (subscription_id, subscriber_id, channel_id, subscribed_at) VALUES (32, 79, 17, '2024-09-18 03:25:32');
INSERT INTO SUBSCRIPTIONS (subscription_id, subscriber_id, channel_id, subscribed_at) VALUES (33, 58, 8, '2024-04-26 02:53:08');
INSERT INTO SUBSCRIPTIONS (subscription_id, subscriber_id, channel_id, subscribed_at) VALUES (34, 80, 7, '2024-02-07 14:04:53');
INSERT INTO SUBSCRIPTIONS (subscription_id, subscriber_id, channel_id, subscribed_at) VALUES (35, 19, 11, '2025-01-08 15:26:31');
INSERT INTO SUBSCRIPTIONS (subscription_id, subscriber_id, channel_id, subscribed_at) VALUES (36, 8, 26, '2025-12-05 19:39:03');
INSERT INTO SUBSCRIPTIONS (subscription_id, subscriber_id, channel_id, subscribed_at) VALUES (37, 89, 20, '2024-08-22 21:23:24');
INSERT INTO SUBSCRIPTIONS (subscription_id, subscriber_id, channel_id, subscribed_at) VALUES (38, 3, 45, '2024-10-31 18:36:22');
INSERT INTO SUBSCRIPTIONS (subscription_id, subscriber_id, channel_id, subscribed_at) VALUES (39, 22, 6, '2026-03-16 20:49:38');
INSERT INTO SUBSCRIPTIONS (subscription_id, subscriber_id, channel_id, subscribed_at) VALUES (40, 84, 23, '2025-01-11 17:21:43');
INSERT INTO SUBSCRIPTIONS (subscription_id, subscriber_id, channel_id, subscribed_at) VALUES (41, 40, 44, '2025-12-31 12:53:05');
INSERT INTO SUBSCRIPTIONS (subscription_id, subscriber_id, channel_id, subscribed_at) VALUES (42, 5, 49, '2024-07-23 17:25:53');
INSERT INTO SUBSCRIPTIONS (subscription_id, subscriber_id, channel_id, subscribed_at) VALUES (43, 61, 50, '2025-12-10 02:44:26');
INSERT INTO SUBSCRIPTIONS (subscription_id, subscriber_id, channel_id, subscribed_at) VALUES (44, 44, 10, '2025-02-03 14:13:13');
INSERT INTO SUBSCRIPTIONS (subscription_id, subscriber_id, channel_id, subscribed_at) VALUES (45, 98, 21, '2026-01-09 22:12:23');
INSERT INTO SUBSCRIPTIONS (subscription_id, subscriber_id, channel_id, subscribed_at) VALUES (46, 45, 21, '2024-02-05 23:54:36');
INSERT INTO SUBSCRIPTIONS (subscription_id, subscriber_id, channel_id, subscribed_at) VALUES (47, 29, 31, '2024-12-08 07:18:21');
INSERT INTO SUBSCRIPTIONS (subscription_id, subscriber_id, channel_id, subscribed_at) VALUES (48, 28, 17, '2024-02-09 11:27:54');
INSERT INTO SUBSCRIPTIONS (subscription_id, subscriber_id, channel_id, subscribed_at) VALUES (49, 22, 31, '2024-06-12 08:21:16');
INSERT INTO SUBSCRIPTIONS (subscription_id, subscriber_id, channel_id, subscribed_at) VALUES (50, 68, 18, '2024-03-05 22:57:55');
INSERT INTO SUBSCRIPTIONS (subscription_id, subscriber_id, channel_id, subscribed_at) VALUES (51, 75, 2, '2025-01-23 01:29:24');
INSERT INTO SUBSCRIPTIONS (subscription_id, subscriber_id, channel_id, subscribed_at) VALUES (52, 41, 34, '2024-10-13 19:12:37');
INSERT INTO SUBSCRIPTIONS (subscription_id, subscriber_id, channel_id, subscribed_at) VALUES (53, 67, 20, '2024-12-25 13:36:05');
INSERT INTO SUBSCRIPTIONS (subscription_id, subscriber_id, channel_id, subscribed_at) VALUES (54, 54, 3, '2025-11-05 20:25:19');
INSERT INTO SUBSCRIPTIONS (subscription_id, subscriber_id, channel_id, subscribed_at) VALUES (55, 10, 2, '2024-01-20 04:58:53');
INSERT INTO SUBSCRIPTIONS (subscription_id, subscriber_id, channel_id, subscribed_at) VALUES (56, 8, 8, '2025-10-27 13:14:55');
INSERT INTO SUBSCRIPTIONS (subscription_id, subscriber_id, channel_id, subscribed_at) VALUES (57, 39, 27, '2024-11-07 14:09:47');
INSERT INTO SUBSCRIPTIONS (subscription_id, subscriber_id, channel_id, subscribed_at) VALUES (58, 91, 28, '2024-09-28 18:47:15');
INSERT INTO SUBSCRIPTIONS (subscription_id, subscriber_id, channel_id, subscribed_at) VALUES (59, 4, 29, '2024-12-29 13:44:41');
INSERT INTO SUBSCRIPTIONS (subscription_id, subscriber_id, channel_id, subscribed_at) VALUES (60, 78, 32, '2024-08-28 03:20:10');
INSERT INTO SUBSCRIPTIONS (subscription_id, subscriber_id, channel_id, subscribed_at) VALUES (61, 37, 5, '2024-08-11 04:22:18');
INSERT INTO SUBSCRIPTIONS (subscription_id, subscriber_id, channel_id, subscribed_at) VALUES (62, 59, 30, '2025-05-08 23:31:44');
INSERT INTO SUBSCRIPTIONS (subscription_id, subscriber_id, channel_id, subscribed_at) VALUES (63, 98, 2, '2024-12-06 16:26:07');
INSERT INTO SUBSCRIPTIONS (subscription_id, subscriber_id, channel_id, subscribed_at) VALUES (64, 38, 25, '2024-01-21 22:23:34');
INSERT INTO SUBSCRIPTIONS (subscription_id, subscriber_id, channel_id, subscribed_at) VALUES (65, 46, 13, '2024-01-25 13:15:51');
INSERT INTO SUBSCRIPTIONS (subscription_id, subscriber_id, channel_id, subscribed_at) VALUES (66, 64, 3, '2026-01-19 10:56:05');
INSERT INTO SUBSCRIPTIONS (subscription_id, subscriber_id, channel_id, subscribed_at) VALUES (67, 31, 7, '2024-01-26 06:45:26');
INSERT INTO SUBSCRIPTIONS (subscription_id, subscriber_id, channel_id, subscribed_at) VALUES (68, 98, 50, '2025-11-10 20:30:40');
INSERT INTO SUBSCRIPTIONS (subscription_id, subscriber_id, channel_id, subscribed_at) VALUES (69, 69, 40, '2024-01-25 05:50:59');
INSERT INTO SUBSCRIPTIONS (subscription_id, subscriber_id, channel_id, subscribed_at) VALUES (70, 64, 18, '2025-05-21 12:42:11');
INSERT INTO SUBSCRIPTIONS (subscription_id, subscriber_id, channel_id, subscribed_at) VALUES (71, 43, 50, '2025-01-24 05:50:36');
INSERT INTO SUBSCRIPTIONS (subscription_id, subscriber_id, channel_id, subscribed_at) VALUES (72, 9, 11, '2025-01-07 05:02:31');
INSERT INTO SUBSCRIPTIONS (subscription_id, subscriber_id, channel_id, subscribed_at) VALUES (73, 43, 4, '2025-08-05 10:51:42');
INSERT INTO SUBSCRIPTIONS (subscription_id, subscriber_id, channel_id, subscribed_at) VALUES (74, 2, 17, '2024-12-22 00:07:42');
INSERT INTO SUBSCRIPTIONS (subscription_id, subscriber_id, channel_id, subscribed_at) VALUES (75, 38, 10, '2025-01-27 08:49:53');
INSERT INTO SUBSCRIPTIONS (subscription_id, subscriber_id, channel_id, subscribed_at) VALUES (76, 79, 38, '2024-04-25 20:55:54');
INSERT INTO SUBSCRIPTIONS (subscription_id, subscriber_id, channel_id, subscribed_at) VALUES (77, 71, 49, '2024-08-24 15:23:38');
INSERT INTO SUBSCRIPTIONS (subscription_id, subscriber_id, channel_id, subscribed_at) VALUES (78, 60, 12, '2025-10-13 15:06:36');
INSERT INTO SUBSCRIPTIONS (subscription_id, subscriber_id, channel_id, subscribed_at) VALUES (79, 45, 9, '2024-03-21 16:01:05');
INSERT INTO SUBSCRIPTIONS (subscription_id, subscriber_id, channel_id, subscribed_at) VALUES (80, 88, 29, '2024-12-02 20:51:35');
INSERT INTO SUBSCRIPTIONS (subscription_id, subscriber_id, channel_id, subscribed_at) VALUES (81, 55, 49, '2026-04-19 06:49:23');
INSERT INTO SUBSCRIPTIONS (subscription_id, subscriber_id, channel_id, subscribed_at) VALUES (82, 77, 49, '2025-09-04 04:47:59');
INSERT INTO SUBSCRIPTIONS (subscription_id, subscriber_id, channel_id, subscribed_at) VALUES (83, 53, 8, '2025-11-17 05:17:37');
INSERT INTO SUBSCRIPTIONS (subscription_id, subscriber_id, channel_id, subscribed_at) VALUES (84, 85, 29, '2025-12-17 12:25:05');
INSERT INTO SUBSCRIPTIONS (subscription_id, subscriber_id, channel_id, subscribed_at) VALUES (85, 88, 15, '2025-12-03 16:56:26');
INSERT INTO SUBSCRIPTIONS (subscription_id, subscriber_id, channel_id, subscribed_at) VALUES (86, 9, 50, '2025-08-22 20:51:02');
INSERT INTO SUBSCRIPTIONS (subscription_id, subscriber_id, channel_id, subscribed_at) VALUES (87, 71, 47, '2024-04-03 22:42:22');
INSERT INTO SUBSCRIPTIONS (subscription_id, subscriber_id, channel_id, subscribed_at) VALUES (88, 40, 22, '2025-11-15 07:55:02');
INSERT INTO SUBSCRIPTIONS (subscription_id, subscriber_id, channel_id, subscribed_at) VALUES (89, 23, 44, '2025-04-05 01:33:54');
INSERT INTO SUBSCRIPTIONS (subscription_id, subscriber_id, channel_id, subscribed_at) VALUES (90, 32, 45, '2024-01-05 01:47:48');
INSERT INTO SUBSCRIPTIONS (subscription_id, subscriber_id, channel_id, subscribed_at) VALUES (91, 86, 37, '2025-04-01 00:11:50');
INSERT INTO SUBSCRIPTIONS (subscription_id, subscriber_id, channel_id, subscribed_at) VALUES (92, 23, 46, '2025-09-26 07:18:17');
INSERT INTO SUBSCRIPTIONS (subscription_id, subscriber_id, channel_id, subscribed_at) VALUES (93, 75, 32, '2026-02-08 15:52:37');
INSERT INTO SUBSCRIPTIONS (subscription_id, subscriber_id, channel_id, subscribed_at) VALUES (94, 61, 25, '2025-03-09 20:31:29');
INSERT INTO SUBSCRIPTIONS (subscription_id, subscriber_id, channel_id, subscribed_at) VALUES (95, 76, 38, '2025-06-17 10:55:16');
INSERT INTO SUBSCRIPTIONS (subscription_id, subscriber_id, channel_id, subscribed_at) VALUES (96, 24, 31, '2026-03-11 09:31:34');
INSERT INTO SUBSCRIPTIONS (subscription_id, subscriber_id, channel_id, subscribed_at) VALUES (97, 55, 4, '2024-02-19 05:39:48');
INSERT INTO SUBSCRIPTIONS (subscription_id, subscriber_id, channel_id, subscribed_at) VALUES (98, 12, 18, '2024-01-31 22:24:34');
INSERT INTO SUBSCRIPTIONS (subscription_id, subscriber_id, channel_id, subscribed_at) VALUES (99, 57, 43, '2024-12-24 09:35:17');
INSERT INTO SUBSCRIPTIONS (subscription_id, subscriber_id, channel_id, subscribed_at) VALUES (100, 55, 2, '2025-05-24 01:53:07');
INSERT INTO SUBSCRIPTIONS (subscription_id, subscriber_id, channel_id, subscribed_at) VALUES (101, 63, 2, '2024-01-24 04:48:30');
INSERT INTO SUBSCRIPTIONS (subscription_id, subscriber_id, channel_id, subscribed_at) VALUES (102, 8, 7, '2024-11-28 23:16:11');
INSERT INTO SUBSCRIPTIONS (subscription_id, subscriber_id, channel_id, subscribed_at) VALUES (103, 95, 48, '2025-02-19 08:36:13');
INSERT INTO SUBSCRIPTIONS (subscription_id, subscriber_id, channel_id, subscribed_at) VALUES (104, 46, 9, '2026-01-22 00:51:38');
INSERT INTO SUBSCRIPTIONS (subscription_id, subscriber_id, channel_id, subscribed_at) VALUES (105, 98, 11, '2024-09-05 14:02:16');
INSERT INTO SUBSCRIPTIONS (subscription_id, subscriber_id, channel_id, subscribed_at) VALUES (106, 38, 37, '2025-01-01 22:12:44');
INSERT INTO SUBSCRIPTIONS (subscription_id, subscriber_id, channel_id, subscribed_at) VALUES (107, 10, 21, '2025-10-02 14:55:05');
INSERT INTO SUBSCRIPTIONS (subscription_id, subscriber_id, channel_id, subscribed_at) VALUES (108, 52, 49, '2025-10-20 04:21:10');
INSERT INTO SUBSCRIPTIONS (subscription_id, subscriber_id, channel_id, subscribed_at) VALUES (109, 59, 9, '2025-12-31 20:38:29');
INSERT INTO SUBSCRIPTIONS (subscription_id, subscriber_id, channel_id, subscribed_at) VALUES (110, 22, 38, '2025-05-19 12:29:19');
INSERT INTO SUBSCRIPTIONS (subscription_id, subscriber_id, channel_id, subscribed_at) VALUES (111, 93, 17, '2024-03-14 23:41:27');
INSERT INTO SUBSCRIPTIONS (subscription_id, subscriber_id, channel_id, subscribed_at) VALUES (112, 21, 1, '2026-04-01 16:40:44');
INSERT INTO SUBSCRIPTIONS (subscription_id, subscriber_id, channel_id, subscribed_at) VALUES (113, 57, 44, '2025-06-25 14:10:22');
INSERT INTO SUBSCRIPTIONS (subscription_id, subscriber_id, channel_id, subscribed_at) VALUES (114, 72, 50, '2026-03-31 03:32:40');
INSERT INTO SUBSCRIPTIONS (subscription_id, subscriber_id, channel_id, subscribed_at) VALUES (115, 67, 9, '2025-10-07 20:03:08');
INSERT INTO SUBSCRIPTIONS (subscription_id, subscriber_id, channel_id, subscribed_at) VALUES (116, 99, 48, '2026-01-05 13:44:42');
INSERT INTO SUBSCRIPTIONS (subscription_id, subscriber_id, channel_id, subscribed_at) VALUES (117, 4, 2, '2024-04-21 15:12:49');
INSERT INTO SUBSCRIPTIONS (subscription_id, subscriber_id, channel_id, subscribed_at) VALUES (118, 86, 41, '2025-08-17 13:12:09');
INSERT INTO SUBSCRIPTIONS (subscription_id, subscriber_id, channel_id, subscribed_at) VALUES (119, 32, 37, '2024-12-07 04:31:28');
INSERT INTO SUBSCRIPTIONS (subscription_id, subscriber_id, channel_id, subscribed_at) VALUES (120, 65, 5, '2025-08-30 19:10:11');

-- COMMENTS
INSERT INTO COMMENTS (comment_id, video_id, user_id, parent_comment_id, body, posted_at) VALUES (1, 9, 1, NULL, 'This video has motivated me to pursue a career in science. Thank you for being an inspiration!', '2025-04-23 22:06:04');
INSERT INTO COMMENTS (comment_id, video_id, user_id, parent_comment_id, body, posted_at) VALUES (2, 124, 68, NULL, 'I learned so much from this.', '2024-09-24 04:25:43');
INSERT INTO COMMENTS (comment_id, video_id, user_id, parent_comment_id, body, posted_at) VALUES (3, 27, 32, NULL, 'This is exactly what I was looking for.', '2025-03-24 12:04:21');
INSERT INTO COMMENTS (comment_id, video_id, user_id, parent_comment_id, body, posted_at) VALUES (4, 14, 30, NULL, 'Can you explain the real-world applications of this experiment?', '2025-04-19 23:50:53');
INSERT INTO COMMENTS (comment_id, video_id, user_id, parent_comment_id, body, posted_at) VALUES (5, 28, 56, NULL, 'This video was very engaging. I enjoyed watching it and learning from it.', '2025-02-17 19:00:54');
INSERT INTO COMMENTS (comment_id, video_id, user_id, parent_comment_id, body, posted_at) VALUES (6, 36, 70, NULL, 'I love the way you explained the concept, it was very clear.', '2025-04-28 05:37:57');
INSERT INTO COMMENTS (comment_id, video_id, user_id, parent_comment_id, body, posted_at) VALUES (7, 79, 90, NULL, 'This video was very well made. The visuals were great and the explanations were easy to understand.', '2025-12-26 20:23:04');
INSERT INTO COMMENTS (comment_id, video_id, user_id, parent_comment_id, body, posted_at) VALUES (8, 80, 67, NULL, 'I have a similar experiment that I would like to share. Can I send you the details?', '2025-11-17 12:50:56');
INSERT INTO COMMENTS (comment_id, video_id, user_id, parent_comment_id, body, posted_at) VALUES (9, 84, 54, NULL, 'Can you explain how it works?', '2025-08-03 14:15:43');
INSERT INTO COMMENTS (comment_id, video_id, user_id, parent_comment_id, body, posted_at) VALUES (10, 39, 83, NULL, 'I have a question about the safety precautions you took during the experiment. Can you elaborate on that', '2024-08-01 21:50:01');
INSERT INTO COMMENTS (comment_id, video_id, user_id, parent_comment_id, body, posted_at) VALUES (11, 6, 75, NULL, 'Can you make a part 2?', '2025-09-16 10:37:00');
INSERT INTO COMMENTS (comment_id, video_id, user_id, parent_comment_id, body, posted_at) VALUES (12, 1, 92, NULL, 'I have a question about the safety precautions you took during the experiment. Can you elaborate on that', '2025-06-16 20:18:03');
INSERT INTO COMMENTS (comment_id, video_id, user_id, parent_comment_id, body, posted_at) VALUES (13, 8, 18, NULL, 'This video has given me a new perspective on the topic. Thank you for that!', '2024-04-28 14:29:41');
INSERT INTO COMMENTS (comment_id, video_id, user_id, parent_comment_id, body, posted_at) VALUES (14, 157, 27, NULL, 'That was a great demonstration. I appreciate the effort you put into making it.', '2026-04-18 16:54:23');
INSERT INTO COMMENTS (comment_id, video_id, user_id, parent_comment_id, body, posted_at) VALUES (15, 149, 25, NULL, 'I have a question about the materials you used. Can you provide more details?', '2025-12-17 19:26:00');
INSERT INTO COMMENTS (comment_id, video_id, user_id, parent_comment_id, body, posted_at) VALUES (16, 64, 7, NULL, 'Can you make a part 2?', '2025-11-06 14:03:47');
INSERT INTO COMMENTS (comment_id, video_id, user_id, parent_comment_id, body, posted_at) VALUES (17, 81, 83, NULL, 'I have a suggestion for a future video series. Would you be interested in creating it?', '2024-07-22 13:45:52');
INSERT INTO COMMENTS (comment_id, video_id, user_id, parent_comment_id, body, posted_at) VALUES (18, 134, 40, NULL, 'Thank you for sharing your knowledge with us. I really appreciate it!       ', '2024-05-30 07:09:31');
INSERT INTO COMMENTS (comment_id, video_id, user_id, parent_comment_id, body, posted_at) VALUES (19, 198, 64, NULL, 'I love the way you explained the concept, it was very clear.', '2024-09-24 11:48:42');
INSERT INTO COMMENTS (comment_id, video_id, user_id, parent_comment_id, body, posted_at) VALUES (20, 112, 26, NULL, 'I have a question about the toy you used in the video.', '2024-04-25 02:36:09');
INSERT INTO COMMENTS (comment_id, video_id, user_id, parent_comment_id, body, posted_at) VALUES (21, 126, 32, NULL, 'That was a great demonstration. I appreciate the effort you put into making it.', '2026-02-18 17:12:14');
INSERT INTO COMMENTS (comment_id, video_id, user_id, parent_comment_id, body, posted_at) VALUES (22, 179, 54, NULL, 'Can you make a part 2?', '2025-07-10 14:51:03');
INSERT INTO COMMENTS (comment_id, video_id, user_id, parent_comment_id, body, posted_at) VALUES (23, 88, 40, NULL, 'Can you explain the real-world applications of this experiment?', '2024-11-28 11:23:36');
INSERT INTO COMMENTS (comment_id, video_id, user_id, parent_comment_id, body, posted_at) VALUES (24, 145, 84, NULL, 'This video has inspired me to start my own project. Thank you!', '2025-02-13 10:02:46');
INSERT INTO COMMENTS (comment_id, video_id, user_id, parent_comment_id, body, posted_at) VALUES (25, 105, 54, NULL, 'This video was very well made. The visuals were great and the explanations were easy to understand.', '2025-11-24 18:30:25');
INSERT INTO COMMENTS (comment_id, video_id, user_id, parent_comment_id, body, posted_at) VALUES (26, 30, 69, NULL, 'I have a suggestion for a future video series. Would you be interested in creating it?', '2024-07-23 20:26:09');
INSERT INTO COMMENTS (comment_id, video_id, user_id, parent_comment_id, body, posted_at) VALUES (27, 113, 29, NULL, 'I tried to replicate the experiment but it didn''t work. Any tips?', '2025-04-30 06:23:10');
INSERT INTO COMMENTS (comment_id, video_id, user_id, parent_comment_id, body, posted_at) VALUES (28, 60, 72, NULL, 'I have a suggestion for a future video series. Would you be interested in creating it?', '2024-05-10 04:08:11');
INSERT INTO COMMENTS (comment_id, video_id, user_id, parent_comment_id, body, posted_at) VALUES (29, 106, 75, NULL, 'That was a great demonstration. I appreciate the effort you put into making it.', '2026-02-19 13:54:40');
INSERT INTO COMMENTS (comment_id, video_id, user_id, parent_comment_id, body, posted_at) VALUES (30, 2, 26, NULL, 'I tried to replicate the experiment but it didn''t work. Any tips?', '2026-04-06 00:55:33');
INSERT INTO COMMENTS (comment_id, video_id, user_id, parent_comment_id, body, posted_at) VALUES (31, 11, 88, NULL, 'I have a question about the equipment you used. Can you provide more information on that?', '2024-07-25 00:46:26');
INSERT INTO COMMENTS (comment_id, video_id, user_id, parent_comment_id, body, posted_at) VALUES (32, 48, 53, NULL, 'Thank you for sharing your knowledge with us. I really appreciate it!       ', '2025-10-08 00:32:36');
INSERT INTO COMMENTS (comment_id, video_id, user_id, parent_comment_id, body, posted_at) VALUES (33, 130, 31, NULL, 'Can you explain the science behind the experiment in more detail?', '2026-01-01 22:53:51');
INSERT INTO COMMENTS (comment_id, video_id, user_id, parent_comment_id, body, posted_at) VALUES (34, 124, 86, NULL, 'This video has sparked my curiosity. I want to learn more about this topic.', '2024-07-12 18:32:28');
INSERT INTO COMMENTS (comment_id, video_id, user_id, parent_comment_id, body, posted_at) VALUES (35, 147, 33, NULL, 'I didn''t understand the part where you explained the results. Can you clarify it for me?', '2024-09-16 00:53:36');
INSERT INTO COMMENTS (comment_id, video_id, user_id, parent_comment_id, body, posted_at) VALUES (36, 63, 11, NULL, 'I learned so much from this.', '2024-05-08 13:05:32');
INSERT INTO COMMENTS (comment_id, video_id, user_id, parent_comment_id, body, posted_at) VALUES (37, 200, 15, NULL, 'I have a suggestion for a future video series. Would you be interested in creating it?', '2025-06-09 01:53:41');
INSERT INTO COMMENTS (comment_id, video_id, user_id, parent_comment_id, body, posted_at) VALUES (38, 113, 63, NULL, 'Can you recommend any resources for further reading on this topic?', '2024-11-21 04:26:58');
INSERT INTO COMMENTS (comment_id, video_id, user_id, parent_comment_id, body, posted_at) VALUES (39, 29, 97, NULL, 'I have a question about the safety precautions you took during the experiment. Can you elaborate on that', '2024-12-08 22:16:53');
INSERT INTO COMMENTS (comment_id, video_id, user_id, parent_comment_id, body, posted_at) VALUES (40, 65, 7, NULL, 'This video has given me a new perspective on the topic. Thank you for that!', '2024-11-29 14:35:39');
INSERT INTO COMMENTS (comment_id, video_id, user_id, parent_comment_id, body, posted_at) VALUES (41, 27, 70, NULL, 'This video was very informative. I learned a lot about the subject.', '2024-08-03 16:55:42');
INSERT INTO COMMENTS (comment_id, video_id, user_id, parent_comment_id, body, posted_at) VALUES (42, 95, 92, NULL, 'Can you make a part 2?', '2025-09-26 14:53:31');
INSERT INTO COMMENTS (comment_id, video_id, user_id, parent_comment_id, body, posted_at) VALUES (43, 115, 10, NULL, 'I have a question about the equipment you used. Can you provide more information on that?', '2026-03-31 09:34:53');
INSERT INTO COMMENTS (comment_id, video_id, user_id, parent_comment_id, body, posted_at) VALUES (44, 187, 97, NULL, 'I learned so much from this.', '2024-11-10 16:57:02');
INSERT INTO COMMENTS (comment_id, video_id, user_id, parent_comment_id, body, posted_at) VALUES (45, 110, 69, NULL, 'This video has given me a new perspective on the topic. Thank you for that!', '2024-05-30 06:43:45');
INSERT INTO COMMENTS (comment_id, video_id, user_id, parent_comment_id, body, posted_at) VALUES (46, 131, 53, NULL, 'This video has inspired me to start my own project. Thank you!', '2024-11-16 01:23:09');
INSERT INTO COMMENTS (comment_id, video_id, user_id, parent_comment_id, body, posted_at) VALUES (47, 3, 28, NULL, 'This video was very informative. I learned a lot about the subject.', '2026-01-12 14:52:06');
INSERT INTO COMMENTS (comment_id, video_id, user_id, parent_comment_id, body, posted_at) VALUES (48, 68, 92, NULL, 'That was a great demonstration. I appreciate the effort you put into making it.', '2026-01-15 15:29:49');
INSERT INTO COMMENTS (comment_id, video_id, user_id, parent_comment_id, body, posted_at) VALUES (49, 110, 60, NULL, 'That was a great demonstration. I appreciate the effort you put into making it.', '2024-09-24 01:45:17');
INSERT INTO COMMENTS (comment_id, video_id, user_id, parent_comment_id, body, posted_at) VALUES (50, 100, 94, NULL, 'This sound of the waterfalling was so relaxing. It made the video even better!', '2025-09-23 18:02:01');
INSERT INTO COMMENTS (comment_id, video_id, user_id, parent_comment_id, body, posted_at) VALUES (51, 68, 62, NULL, 'Really helpful, thanks.', '2026-04-13 09:48:48');
INSERT INTO COMMENTS (comment_id, video_id, user_id, parent_comment_id, body, posted_at) VALUES (52, 23, 3, NULL, 'This video has motivated me to pursue a career in science. Thank you for being an inspiration!', '2026-01-17 12:20:37');
INSERT INTO COMMENTS (comment_id, video_id, user_id, parent_comment_id, body, posted_at) VALUES (53, 108, 65, NULL, 'This video was very well made. The visuals were great and the explanations were easy to understand.', '2024-01-25 09:46:08');
INSERT INTO COMMENTS (comment_id, video_id, user_id, parent_comment_id, body, posted_at) VALUES (54, 24, 66, NULL, 'I have a question about the safety precautions you took during the experiment. Can you elaborate on that', '2024-09-22 23:38:13');
INSERT INTO COMMENTS (comment_id, video_id, user_id, parent_comment_id, body, posted_at) VALUES (55, 14, 51, NULL, 'I tried to replicate the experiment but it didn''t work. Any tips?', '2024-10-06 08:03:22');
INSERT INTO COMMENTS (comment_id, video_id, user_id, parent_comment_id, body, posted_at) VALUES (56, 132, 90, NULL, 'I have a suggestion for a future video topic. Would you be interested in covering it?', '2024-09-07 13:18:42');
INSERT INTO COMMENTS (comment_id, video_id, user_id, parent_comment_id, body, posted_at) VALUES (57, 72, 10, NULL, 'This video was very engaging. I enjoyed watching it and learning from it.', '2025-07-02 22:38:49');
INSERT INTO COMMENTS (comment_id, video_id, user_id, parent_comment_id, body, posted_at) VALUES (58, 18, 6, NULL, 'I have a question about the equipment you used. Can you provide more information on that?', '2025-03-18 06:48:29');
INSERT INTO COMMENTS (comment_id, video_id, user_id, parent_comment_id, body, posted_at) VALUES (59, 36, 28, NULL, 'Really helpful, thanks.', '2026-03-26 22:05:13');
INSERT INTO COMMENTS (comment_id, video_id, user_id, parent_comment_id, body, posted_at) VALUES (60, 12, 49, NULL, 'I tried to replicate the experiment but it didn''t work. Any tips?', '2025-12-26 23:55:10');
INSERT INTO COMMENTS (comment_id, video_id, user_id, parent_comment_id, body, posted_at) VALUES (61, 8, 75, NULL, 'Can you make a part 2?', '2024-06-14 12:06:47');
INSERT INTO COMMENTS (comment_id, video_id, user_id, parent_comment_id, body, posted_at) VALUES (62, 62, 43, NULL, 'I have a question about the equipment you used. Can you provide more information on that?', '2024-08-21 21:17:39');
INSERT INTO COMMENTS (comment_id, video_id, user_id, parent_comment_id, body, posted_at) VALUES (63, 182, 17, NULL, 'This video has inspired me to start my own project. Thank you!', '2024-05-19 10:20:40');
INSERT INTO COMMENTS (comment_id, video_id, user_id, parent_comment_id, body, posted_at) VALUES (64, 174, 5, NULL, 'Can you make a part 2?', '2025-01-22 05:10:35');
INSERT INTO COMMENTS (comment_id, video_id, user_id, parent_comment_id, body, posted_at) VALUES (65, 148, 59, NULL, 'I have a suggestion for a future video series. Would you be interested in creating it?', '2024-11-19 19:48:23');
INSERT INTO COMMENTS (comment_id, video_id, user_id, parent_comment_id, body, posted_at) VALUES (66, 167, 36, NULL, 'This video was very informative. I learned a lot about the subject.', '2025-01-28 11:55:10');
INSERT INTO COMMENTS (comment_id, video_id, user_id, parent_comment_id, body, posted_at) VALUES (67, 118, 90, NULL, 'I have a similar experiment that I would like to share. Can I send you the details?', '2024-07-29 16:03:06');
INSERT INTO COMMENTS (comment_id, video_id, user_id, parent_comment_id, body, posted_at) VALUES (68, 119, 37, NULL, 'I have a question about the toy you used in the video.', '2025-02-20 03:17:18');
INSERT INTO COMMENTS (comment_id, video_id, user_id, parent_comment_id, body, posted_at) VALUES (69, 134, 6, NULL, 'Thank you for sharing your knowledge with us. I really appreciate it!       ', '2026-02-23 00:22:37');
INSERT INTO COMMENTS (comment_id, video_id, user_id, parent_comment_id, body, posted_at) VALUES (70, 114, 34, NULL, 'Thank you for sharing your knowledge with us. I really appreciate it!       ', '2026-02-02 14:22:55');
INSERT INTO COMMENTS (comment_id, video_id, user_id, parent_comment_id, body, posted_at) VALUES (71, 157, 33, NULL, 'This video has given me a new perspective on the topic. Thank you for that!', '2024-04-16 00:21:06');
INSERT INTO COMMENTS (comment_id, video_id, user_id, parent_comment_id, body, posted_at) VALUES (72, 55, 24, NULL, 'This video has given me a new perspective on the topic. Thank you for that!', '2024-03-27 04:33:39');
INSERT INTO COMMENTS (comment_id, video_id, user_id, parent_comment_id, body, posted_at) VALUES (73, 40, 87, NULL, 'I have a similar experiment that I would like to share. Can I send you the details?', '2026-03-12 00:46:53');
INSERT INTO COMMENTS (comment_id, video_id, user_id, parent_comment_id, body, posted_at) VALUES (74, 78, 51, NULL, 'This video was very engaging. I enjoyed watching it and learning from it.', '2024-09-18 02:04:40');
INSERT INTO COMMENTS (comment_id, video_id, user_id, parent_comment_id, body, posted_at) VALUES (75, 98, 83, NULL, 'I have a question about the equipment you used. Can you provide more information on that?', '2025-11-13 04:35:04');
INSERT INTO COMMENTS (comment_id, video_id, user_id, parent_comment_id, body, posted_at) VALUES (76, 137, 15, NULL, 'I tried to replicate the experiment but it didn''t work. Any tips?', '2026-02-19 05:54:03');
INSERT INTO COMMENTS (comment_id, video_id, user_id, parent_comment_id, body, posted_at) VALUES (77, 7, 43, NULL, 'I have a question about the toy you used in the video.', '2024-02-08 15:48:58');
INSERT INTO COMMENTS (comment_id, video_id, user_id, parent_comment_id, body, posted_at) VALUES (78, 110, 60, NULL, 'This video has motivated me to pursue a career in science. Thank you for being an inspiration!', '2024-12-07 04:34:47');
INSERT INTO COMMENTS (comment_id, video_id, user_id, parent_comment_id, body, posted_at) VALUES (79, 147, 34, NULL, 'I have a question about the equipment you used. Can you provide more information on that?', '2025-05-07 15:51:28');
INSERT INTO COMMENTS (comment_id, video_id, user_id, parent_comment_id, body, posted_at) VALUES (80, 27, 84, NULL, 'This video was very engaging. I enjoyed watching it and learning from it.', '2025-10-19 05:10:59');
INSERT INTO COMMENTS (comment_id, video_id, user_id, parent_comment_id, body, posted_at) VALUES (81, 47, 19, NULL, 'Can you explain the real-world applications of this experiment?', '2024-06-04 23:58:45');
INSERT INTO COMMENTS (comment_id, video_id, user_id, parent_comment_id, body, posted_at) VALUES (82, 199, 42, NULL, 'This video has inspired me to start my own project. Thank you!', '2025-06-19 23:03:40');
INSERT INTO COMMENTS (comment_id, video_id, user_id, parent_comment_id, body, posted_at) VALUES (83, 122, 7, NULL, 'I have a similar experiment that I would like to share. Can I send you the details?', '2024-10-02 11:33:18');
INSERT INTO COMMENTS (comment_id, video_id, user_id, parent_comment_id, body, posted_at) VALUES (84, 156, 53, NULL, 'This sound of the waterfalling was so relaxing. It made the video even better!', '2025-01-08 18:02:41');
INSERT INTO COMMENTS (comment_id, video_id, user_id, parent_comment_id, body, posted_at) VALUES (85, 29, 23, NULL, 'I have a question about the equipment you used. Can you provide more information on that?', '2026-01-27 15:07:08');
INSERT INTO COMMENTS (comment_id, video_id, user_id, parent_comment_id, body, posted_at) VALUES (86, 60, 19, NULL, 'That was a great demonstration. I appreciate the effort you put into making it.', '2026-01-02 08:13:31');
INSERT INTO COMMENTS (comment_id, video_id, user_id, parent_comment_id, body, posted_at) VALUES (87, 55, 84, NULL, 'I have a suggestion for a future video topic. Would you be interested in covering it?', '2024-02-04 02:10:42');
INSERT INTO COMMENTS (comment_id, video_id, user_id, parent_comment_id, body, posted_at) VALUES (88, 33, 94, NULL, 'I have a suggestion for a future video series. Would you be interested in creating it?', '2024-11-15 13:08:09');
INSERT INTO COMMENTS (comment_id, video_id, user_id, parent_comment_id, body, posted_at) VALUES (89, 39, 87, NULL, 'I have a similar experiment that I would like to share. Can I send you the details?', '2025-04-07 20:16:11');
INSERT INTO COMMENTS (comment_id, video_id, user_id, parent_comment_id, body, posted_at) VALUES (90, 186, 84, NULL, 'That was a great demonstration. I appreciate the effort you put into making it.', '2025-08-05 08:56:38');
INSERT INTO COMMENTS (comment_id, video_id, user_id, parent_comment_id, body, posted_at) VALUES (91, 131, 35, NULL, 'I tried to replicate the experiment but it didn''t work. Any tips?', '2024-07-24 12:24:26');
INSERT INTO COMMENTS (comment_id, video_id, user_id, parent_comment_id, body, posted_at) VALUES (92, 32, 56, NULL, 'I tried to replicate the experiment but it didn''t work. Any tips?', '2025-08-07 12:03:32');
INSERT INTO COMMENTS (comment_id, video_id, user_id, parent_comment_id, body, posted_at) VALUES (93, 81, 100, NULL, 'I have a question about the data you collected during the experiment. Can you share it with us', '2025-10-01 09:11:06');
INSERT INTO COMMENTS (comment_id, video_id, user_id, parent_comment_id, body, posted_at) VALUES (94, 171, 46, NULL, 'That was a great demonstration. I appreciate the effort you put into making it.', '2024-07-13 00:56:21');
INSERT INTO COMMENTS (comment_id, video_id, user_id, parent_comment_id, body, posted_at) VALUES (95, 29, 16, NULL, 'I have a suggestion for a future video topic. Would you be interested in covering it?', '2024-04-28 06:07:15');
INSERT INTO COMMENTS (comment_id, video_id, user_id, parent_comment_id, body, posted_at) VALUES (96, 68, 30, NULL, 'This video has given me a new perspective on the topic. Thank you for that!', '2024-05-03 15:33:53');
INSERT INTO COMMENTS (comment_id, video_id, user_id, parent_comment_id, body, posted_at) VALUES (97, 81, 16, NULL, 'Can you recommend any resources for further reading on this topic?', '2025-09-06 21:33:17');
INSERT INTO COMMENTS (comment_id, video_id, user_id, parent_comment_id, body, posted_at) VALUES (98, 50, 56, NULL, 'This video has given me a new perspective on the topic. Thank you for that!', '2024-09-08 17:23:50');
INSERT INTO COMMENTS (comment_id, video_id, user_id, parent_comment_id, body, posted_at) VALUES (99, 73, 11, NULL, 'I learned so much from this.', '2024-01-09 04:29:39');
INSERT INTO COMMENTS (comment_id, video_id, user_id, parent_comment_id, body, posted_at) VALUES (100, 187, 74, NULL, 'Thank you for sharing your knowledge with us. I really appreciate it!       ', '2024-09-25 18:08:12');
INSERT INTO COMMENTS (comment_id, video_id, user_id, parent_comment_id, body, posted_at) VALUES (101, 111, 17, NULL, 'I didn''t understand the part where you explained the results. Can you clarify it for me?', '2024-07-20 17:03:40');
INSERT INTO COMMENTS (comment_id, video_id, user_id, parent_comment_id, body, posted_at) VALUES (102, 2, 72, NULL, 'I tried to replicate the experiment but it didn''t work. Any tips?', '2025-08-02 16:42:21');
INSERT INTO COMMENTS (comment_id, video_id, user_id, parent_comment_id, body, posted_at) VALUES (103, 10, 66, NULL, 'Can you explain the real-world applications of this experiment?', '2025-10-07 05:52:46');
INSERT INTO COMMENTS (comment_id, video_id, user_id, parent_comment_id, body, posted_at) VALUES (104, 200, 72, NULL, 'I have a suggestion for a future video topic. Would you be interested in covering it?', '2024-10-18 08:04:42');
INSERT INTO COMMENTS (comment_id, video_id, user_id, parent_comment_id, body, posted_at) VALUES (105, 140, 25, NULL, 'Can you explain the real-world applications of this experiment?', '2025-04-12 15:08:22');
INSERT INTO COMMENTS (comment_id, video_id, user_id, parent_comment_id, body, posted_at) VALUES (106, 88, 85, NULL, 'I have a question about the materials you used. Can you provide more details?', '2024-04-23 06:57:01');
INSERT INTO COMMENTS (comment_id, video_id, user_id, parent_comment_id, body, posted_at) VALUES (107, 80, 17, NULL, 'This video was very informative. I learned a lot about the subject.', '2026-04-15 22:38:14');
INSERT INTO COMMENTS (comment_id, video_id, user_id, parent_comment_id, body, posted_at) VALUES (108, 190, 13, NULL, 'This is exactly what I was looking for.', '2026-01-16 13:33:55');
INSERT INTO COMMENTS (comment_id, video_id, user_id, parent_comment_id, body, posted_at) VALUES (109, 35, 63, NULL, 'Can you explain how it works?', '2025-08-18 02:48:56');
INSERT INTO COMMENTS (comment_id, video_id, user_id, parent_comment_id, body, posted_at) VALUES (110, 13, 95, NULL, 'I have a similar experiment that I would like to share. Can I send you the details?', '2025-07-28 18:00:55');
INSERT INTO COMMENTS (comment_id, video_id, user_id, parent_comment_id, body, posted_at) VALUES (111, 35, 85, NULL, 'This video has motivated me to pursue a career in science. Thank you for being an inspiration!', '2024-02-26 17:34:52');
INSERT INTO COMMENTS (comment_id, video_id, user_id, parent_comment_id, body, posted_at) VALUES (112, 58, 8, NULL, 'I tried to replicate the experiment but it didn''t work. Any tips?', '2024-08-19 14:51:09');
INSERT INTO COMMENTS (comment_id, video_id, user_id, parent_comment_id, body, posted_at) VALUES (113, 137, 29, NULL, 'I have a similar experiment that I would like to share. Can I send you the details?', '2024-07-05 02:19:45');
INSERT INTO COMMENTS (comment_id, video_id, user_id, parent_comment_id, body, posted_at) VALUES (114, 147, 83, NULL, 'This video was very engaging. I enjoyed watching it and learning from it.', '2025-10-25 10:39:34');
INSERT INTO COMMENTS (comment_id, video_id, user_id, parent_comment_id, body, posted_at) VALUES (115, 130, 97, NULL, 'This sound of the waterfalling was so relaxing. It made the video even better!', '2025-06-24 07:29:21');
INSERT INTO COMMENTS (comment_id, video_id, user_id, parent_comment_id, body, posted_at) VALUES (116, 67, 100, NULL, 'I have a question about the materials you used. Can you provide more details?', '2024-09-10 04:56:54');
INSERT INTO COMMENTS (comment_id, video_id, user_id, parent_comment_id, body, posted_at) VALUES (117, 1, 50, NULL, 'Can you recommend any resources for further reading on this topic?', '2025-04-22 15:16:58');
INSERT INTO COMMENTS (comment_id, video_id, user_id, parent_comment_id, body, posted_at) VALUES (118, 37, 52, NULL, 'I tried to replicate the experiment but it didn''t work. Any tips?', '2024-11-25 01:23:51');
INSERT INTO COMMENTS (comment_id, video_id, user_id, parent_comment_id, body, posted_at) VALUES (119, 78, 15, NULL, 'This sound of the waterfalling was so relaxing. It made the video even better!', '2024-08-12 10:09:52');
INSERT INTO COMMENTS (comment_id, video_id, user_id, parent_comment_id, body, posted_at) VALUES (120, 17, 59, NULL, 'This video has sparked my curiosity. I want to learn more about this topic.', '2024-03-19 17:55:03');
INSERT INTO COMMENTS (comment_id, video_id, user_id, parent_comment_id, body, posted_at) VALUES (121, 200, 26, NULL, 'I didn''t understand the part where you explained the results. Can you clarify it for me?', '2025-11-01 02:49:47');
INSERT INTO COMMENTS (comment_id, video_id, user_id, parent_comment_id, body, posted_at) VALUES (122, 92, 18, NULL, 'Thank you for sharing your knowledge with us. I really appreciate it!       ', '2024-06-13 22:14:33');
INSERT INTO COMMENTS (comment_id, video_id, user_id, parent_comment_id, body, posted_at) VALUES (123, 100, 12, NULL, 'Can you explain the science behind the experiment in more detail?', '2025-01-30 19:38:30');
INSERT INTO COMMENTS (comment_id, video_id, user_id, parent_comment_id, body, posted_at) VALUES (124, 118, 38, NULL, 'This video has sparked my curiosity. I want to learn more about this topic.', '2024-08-24 19:25:12');
INSERT INTO COMMENTS (comment_id, video_id, user_id, parent_comment_id, body, posted_at) VALUES (125, 186, 61, NULL, 'This video has motivated me to pursue a career in science. Thank you for being an inspiration!', '2025-04-10 03:09:03');
INSERT INTO COMMENTS (comment_id, video_id, user_id, parent_comment_id, body, posted_at) VALUES (126, 135, 49, NULL, 'I have a question about the materials you used. Can you provide more details?', '2024-10-12 10:52:19');
INSERT INTO COMMENTS (comment_id, video_id, user_id, parent_comment_id, body, posted_at) VALUES (127, 11, 25, NULL, 'Thank you for sharing your knowledge with us. I really appreciate it!       ', '2024-10-12 11:44:48');
INSERT INTO COMMENTS (comment_id, video_id, user_id, parent_comment_id, body, posted_at) VALUES (128, 1, 43, NULL, 'This sound of the waterfalling was so relaxing. It made the video even better!', '2024-09-06 09:00:36');
INSERT INTO COMMENTS (comment_id, video_id, user_id, parent_comment_id, body, posted_at) VALUES (129, 134, 43, NULL, 'Can you recommend any resources for further reading on this topic?', '2025-06-28 18:36:55');
INSERT INTO COMMENTS (comment_id, video_id, user_id, parent_comment_id, body, posted_at) VALUES (130, 26, 28, NULL, 'This video has given me a new perspective on the topic. Thank you for that!', '2025-11-06 11:29:35');
INSERT INTO COMMENTS (comment_id, video_id, user_id, parent_comment_id, body, posted_at) VALUES (131, 109, 27, 128, 'I didn''t understand the part where you explained the results. Can you clarify it for me?', '2026-01-07 18:35:58');
INSERT INTO COMMENTS (comment_id, video_id, user_id, parent_comment_id, body, posted_at) VALUES (132, 184, 15, 120, 'I learned so much from this.', '2025-11-19 10:05:19');
INSERT INTO COMMENTS (comment_id, video_id, user_id, parent_comment_id, body, posted_at) VALUES (133, 178, 64, 72, 'This video has motivated me to pursue a career in science. Thank you for being an inspiration!', '2024-02-25 01:34:08');
INSERT INTO COMMENTS (comment_id, video_id, user_id, parent_comment_id, body, posted_at) VALUES (134, 33, 57, 3, 'I have a similar experiment that I would like to share. Can I send you the details?', '2025-10-16 10:33:23');
INSERT INTO COMMENTS (comment_id, video_id, user_id, parent_comment_id, body, posted_at) VALUES (135, 193, 26, 91, 'Great video!', '2025-04-22 15:26:09');
INSERT INTO COMMENTS (comment_id, video_id, user_id, parent_comment_id, body, posted_at) VALUES (136, 163, 61, 19, 'Great video!', '2024-07-14 15:05:34');
INSERT INTO COMMENTS (comment_id, video_id, user_id, parent_comment_id, body, posted_at) VALUES (137, 74, 81, 124, 'Can you explain the science behind the experiment in more detail?', '2025-12-31 07:58:19');
INSERT INTO COMMENTS (comment_id, video_id, user_id, parent_comment_id, body, posted_at) VALUES (138, 53, 91, 46, 'This sound of the waterfalling was so relaxing. It made the video even better!', '2024-07-30 15:08:30');
INSERT INTO COMMENTS (comment_id, video_id, user_id, parent_comment_id, body, posted_at) VALUES (139, 120, 31, 64, 'I have a suggestion for a future video topic. Would you be interested in covering it?', '2024-01-04 13:40:00');
INSERT INTO COMMENTS (comment_id, video_id, user_id, parent_comment_id, body, posted_at) VALUES (140, 149, 39, 62, 'Thank you for sharing your knowledge with us. I really appreciate it!       ', '2024-04-27 15:25:36');
INSERT INTO COMMENTS (comment_id, video_id, user_id, parent_comment_id, body, posted_at) VALUES (141, 197, 58, 112, 'This sound of the waterfalling was so relaxing. It made the video even better!', '2024-10-23 20:28:27');
INSERT INTO COMMENTS (comment_id, video_id, user_id, parent_comment_id, body, posted_at) VALUES (142, 78, 6, 106, 'This video has sparked my curiosity. I want to learn more about this topic.', '2026-03-01 04:34:09');
INSERT INTO COMMENTS (comment_id, video_id, user_id, parent_comment_id, body, posted_at) VALUES (143, 84, 11, 34, 'Can you explain the real-world applications of this experiment?', '2025-09-08 14:22:52');
INSERT INTO COMMENTS (comment_id, video_id, user_id, parent_comment_id, body, posted_at) VALUES (144, 7, 80, 84, 'This is exactly what I was looking for.', '2024-08-30 18:07:38');
INSERT INTO COMMENTS (comment_id, video_id, user_id, parent_comment_id, body, posted_at) VALUES (145, 57, 97, 85, 'I have a question about the toy you used in the video.', '2025-02-18 16:53:02');
INSERT INTO COMMENTS (comment_id, video_id, user_id, parent_comment_id, body, posted_at) VALUES (146, 12, 15, 124, 'I have a similar experiment that I would like to share. Can I send you the details?', '2025-12-31 07:15:29');
INSERT INTO COMMENTS (comment_id, video_id, user_id, parent_comment_id, body, posted_at) VALUES (147, 116, 87, 49, 'Thank you for sharing your knowledge with us. I really appreciate it!       ', '2025-04-07 14:08:02');
INSERT INTO COMMENTS (comment_id, video_id, user_id, parent_comment_id, body, posted_at) VALUES (148, 1, 38, 7, 'Thank you for sharing your knowledge with us. I really appreciate it!       ', '2024-04-02 08:32:39');
INSERT INTO COMMENTS (comment_id, video_id, user_id, parent_comment_id, body, posted_at) VALUES (149, 60, 99, 78, 'This video was very informative. I learned a lot about the subject.', '2024-11-16 15:07:55');
INSERT INTO COMMENTS (comment_id, video_id, user_id, parent_comment_id, body, posted_at) VALUES (150, 23, 83, 116, 'This video has inspired me to start my own project. Thank you!', '2025-12-09 00:04:11');
